,c0_c1,c1_c2,c2_c3,p1,p2,p3,p4
0,28.85107421875,28.85107421875,28.851089477539062,[-100.          -48.86999893],[-128.85107422  -48.86999893],[-157.70214844  -48.86999893],[-186.55323792  -48.86999893]
1,28.85107421875,28.85107421875,28.851089477539062,[-100.          -48.86999893],[-128.85107422  -48.86999893],[-157.70214844  -48.86999893],[-186.55323792  -48.86999893]
2,28.85107421875,28.85107421875,28.851089477539062,[-100.          -48.86999893],[-128.85107422  -48.86999893],[-157.70214844  -48.86999893],[-186.55323792  -48.86999893]
3,28.853012084960938,28.85107421875,28.85107421875,[-99.99635315 -48.86999893],[-128.84936523  -48.86999893],[-157.70043945  -48.86999893],[-186.55151367  -48.86999893]
4,28.8730392456095,28.850021362449954,28.850509643570827,[-99.95761871 -48.86987686],[-128.83065796  -48.8698616 ],[-157.68067932  -48.86995316],[-186.53118896  -48.86998367]
5,28.95353698731097,28.849182129215205,28.852203369165842,[-99.87469482 -48.87005615],[-128.82823181  -48.87007523],[-157.67741394  -48.86994171],[-186.52961731  -48.86997986]
6,29.060012817983967,28.841140747361944,28.853195190450112,[-99.76821899 -48.86988831],[-128.82823181  -48.87007523],[-157.66937256  -48.86994553],[-186.52256775  -48.86997986]
7,29.1888351451288,28.81800842340929,28.854370117191536,[-99.63518524 -48.86982346],[-128.82402039  -48.87007523],[-157.64202881  -48.86989594],[-186.49639893  -48.86991119]
8,29.341163635295814,28.80078125040421,28.856353760447423,[-99.46208954 -48.86988068],[-128.80325317  -48.86993027],[-157.60403442  -48.86977768],[-186.46038818  -48.86997604]
9,29.4841690064782,28.816558837911078,28.848846435567303,[-99.25876617 -48.86988068],[-128.74293518  -48.86979294],[-157.55949402  -48.86982727],[-186.40834045  -48.8698616 ]
10,29.62071991043829,28.847946167189924,28.844375610367706,[-99.02732086 -48.86972046],[-128.64804077  -48.86993408],[-157.49598694  -48.86982727],[-186.34036255  -48.86985779]
11,29.758071904003152,28.888854980601984,28.84996032714869,[-98.76364136 -48.86936951],[-128.52171326  -48.86989212],[-157.41056824  -48.86980438],[-186.26052856  -48.8698082 ]
12,29.88945008407989,28.951339721801325,28.854064941431467,[-98.46864319 -48.8689003 ],[-128.35809326  -48.8697052 ],[-157.30943298  -48.86978912],[-186.16349792  -48.86982727]
13,30.012290976700665,29.035690310275662,28.858932495133324,[-98.14409637 -48.86832809],[-128.15638733  -48.86948013],[-157.19207764  -48.86987305],[-186.05101013  -48.86984253]
14,30.130828893029378,29.129898079292143,28.874984741253524,[-97.78945923 -48.86771393],[-127.92028809  -48.86917877],[-157.05018616  -48.8698616 ],[-185.9251709   -48.86981201]
15,30.24119572656964,29.236381545822127,28.901458740264836,[-97.4056015  -48.86712646],[-127.64679718  -48.86882782],[-156.88317871  -48.86976624],[-185.78463745  -48.86972427]
16,30.342651428098776,29.35700228273721,28.935485839864118,[-96.99347687 -48.86654282],[-127.33612823  -48.86846542],[-156.69313049  -48.86966324],[-185.62861633  -48.86962891]
17,30.43782050661821,29.48536685710972,28.98085021973284,[-96.55281067 -48.86600113],[-126.9906311  -48.8680954],[-156.47599792  -48.8695488 ],[-185.45684814  -48.86952972]
18,30.525703511468222,29.619926499977478,29.03901672364509,[-96.08447266 -48.86549759],[-126.61017609  -48.86772537],[-156.23010254  -48.86940002],[-185.26911926  -48.86942673]
19,30.607215967498455,29.762947142904245,29.106231689563366,[-95.58874512 -48.86505127],[-126.195961    -48.86734772],[-155.95890808  -48.86924362],[-185.06513977  -48.86932373]
20,30.67746743560579,29.90969855805432,29.184143066711655,[-95.07236481 -48.86467361],[-125.74983215  -48.86701584],[-155.65953064  -48.86908722],[-184.84367371  -48.86922073]
21,30.716446011861837,30.05237587602984,29.27751159730098,[-94.55651093 -48.86436462],[-125.27295685  -48.86670303],[-155.32533264  -48.86893082],[-184.60284424  -48.86912155]
22,30.74719246914187,30.190818876296827,29.3813934336959,[-94.02152252 -48.86413574],[-124.7687149   -48.86643982],[-154.95953369  -48.86876678],[-184.34092712  -48.86901855]
23,30.804084856197875,30.306480507903764,29.497924805930914,[-93.45198059 -48.86398315],[-124.25606537  -48.86618042],[-154.56254578  -48.86864471],[-184.06047058  -48.86891556]
24,30.88754279821829,30.39287577315526,29.623886109671687,[-92.85422516 -48.86391449],[-123.74176788  -48.86604691],[-154.13464355  -48.86853409],[-183.75852966  -48.86880875]
25,30.968193122964436,30.480278111390696,29.74850464004765,[-92.23236084 -48.86392975],[-123.20055389  -48.8659935 ],[-153.68083191  -48.86841583],[-183.42933655  -48.86870193]
26,31.03720099039413,30.580894556726495,29.87345886367471,[-91.58245087 -48.86403275],[-122.61965179  -48.86600494],[-153.20054626  -48.86830521],[-183.07400513  -48.86859131]
27,31.10340886625656,30.683380206174547,30.002487183705824,[-90.90353394 -48.86421585],[-122.00694275  -48.86602783],[-152.69032288  -48.86823273],[-182.69281006  -48.86848831]
28,31.166038559622102,30.808143679583008,30.11177063103322,[-90.19754028 -48.86448288],[-121.3635788   -48.86618423],[-152.17172241  -48.86816788],[-182.28349304  -48.86843109]
29,31.218284642201553,30.963188225527805,30.202026368174266,[-89.4642334  -48.86480713],[-120.68251801  -48.86629105],[-151.64570618  -48.8681221 ],[-181.84773254  -48.86836624]
30,31.267753627188803,31.116317791657597,30.30244445863234,[-88.70302582 -48.86520386],[-119.97077942  -48.86648178],[-151.08709717  -48.86811066],[-181.38954163  -48.86830521]
31,31.31679536506943,31.25158694821446,30.42327880895751,[-87.91442108 -48.86565018],[-119.23121643  -48.86664963],[-150.48280334  -48.86811066],[-180.90608215  -48.86825943]
32,31.36030579468569,31.380081203090544,30.553924560707856,[-87.09934998 -48.86612701],[-118.45965576  -48.86685944],[-149.83973694  -48.86814499],[-180.3936615   -48.86824417]
33,31.396835331186306,31.503822345288043,30.716339111347313,[-86.25850677 -48.86661148],[-117.6553421   -48.86711502],[-149.15916443  -48.86819839],[-179.87550354  -48.86823273]
34,31.428718568231712,31.614334118939787,30.90997314455479,[-85.39253998 -48.86709976],[-116.82125854  -48.86738968],[-148.43559265  -48.8682785 ],[-179.3455658   -48.86824036]
35,31.455520630016046,31.712219245964867,31.108474731615818,[-84.50218201 -48.86759186],[-115.95770264  -48.86768341],[-147.66992188  -48.8683815 ],[-178.77839661  -48.8682785 ]
36,31.47608184815285,31.801269535116628,31.297653198920088,[-83.58824921 -48.86804581],[-115.06433105  -48.86802292],[-146.86560059  -48.86851883],[-178.16325378  -48.86831284]
37,31.491088867486937,31.87930298028307,31.48326110949873,[-82.65136719 -48.86846161],[-114.14245605  -48.86832428],[-146.02175903  -48.86865997],[-177.50502014  -48.86839676]
38,31.500968933909494,31.94497680714376,31.66336059724824,[-81.69223785 -48.86884689],[-113.19320679  -48.86862183],[-145.13818359  -48.86880112],[-176.80154419  -48.86848831]
39,31.505432130205303,32.00009155277894,31.830490114324462,[-80.71157837 -48.86919022],[-112.2170105   -48.86890411],[-144.21710205  -48.86895752],[-176.04759216  -48.86859894]
40,31.504661561688167,32.044898986854776,31.985397341007523,[-79.71005249 -48.86948013],[-111.21471405  -48.8691597 ],[-143.25961304  -48.86911011],[-175.24501038  -48.86874008]
41,31.49900055102481,32.078704834329365,32.12936401593646,[-78.6883316  -48.86973953],[-110.18733215  -48.86941147],[-142.26603699  -48.8692627 ],[-174.395401    -48.86888123]
42,31.488662721856066,32.10214233474682,32.25907898174766,[-77.64707947 -48.86999512],[-109.13574219  -48.86962891],[-141.23788452  -48.86940765],[-173.4969635   -48.86902618]
43,31.473815920326967,32.1159896861687,32.37347412338643,[-76.58690643 -48.87021255],[-108.06072235  -48.86982727],[-140.17671204  -48.86956024],[-172.55018616  -48.86917496]
44,31.45474243400027,32.120185853649126,32.474105837291994,[-75.508461   -48.87041473],[-106.96320343  -48.87002945],[-139.08338928  -48.86970901],[-171.55749512  -48.86931992]
45,31.431762697962764,32.11510467685373,32.56054687732487,[-74.41234589 -48.8705864 ],[-105.84410858  -48.87017822],[-137.95921326  -48.8698616 ],[-170.51976013  -48.8694725 ]
46,31.405113222867357,32.10151672572166,32.62951660340906,[-73.29914093 -48.8707428 ],[-104.70425415  -48.87033463],[-136.80577087  -48.86996841],[-169.43528748  -48.86962128]
47,31.375038149881643,32.08037567352072,32.68226623670603,[-72.16946411 -48.87086868],[-103.54450226  -48.87044144],[-135.62487793  -48.87007141],[-168.30714417  -48.86977386]
48,31.3418960599379,32.05214691384596,32.72218322872399,[-71.02383423 -48.87097168],[-102.36573029  -48.87055206],[-134.4178772   -48.87017441],[-167.14006042  -48.86989594]
49,31.305969241144826,32.0170745874189,32.74757385336581,[-69.86283875 -48.87105179],[-101.16880798  -48.87062836],[-133.18588257  -48.87023163],[-165.93345642  -48.86999893]
50,31.26770782767836,31.975646975070294,32.758209229048916,[-68.68698883 -48.87111282],[-99.95469666 -48.87068176],[-131.93034363  -48.87028885],[-164.68855286  -48.87010193]
51,31.227317813033768,31.928497316870736,32.756088257246645,[-67.49681854 -48.87116623],[-98.72413635 -48.87073517],[-130.65263367  -48.87034225],[-163.40872192  -48.87017822]
52,31.185012820205934,31.87607574719361,32.74143981960816,[-66.29283905 -48.87118912],[-97.47785187 -48.8707695 ],[-129.35392761  -48.87036514],[-162.09536743  -48.87023163]
53,31.14098358447382,31.818931582110903,32.714187622168396,[-65.0756073  -48.87119675],[-96.21659088 -48.8707695 ],[-128.03552246  -48.87036896],[-160.74971008  -48.87028885]
54,31.095474245995312,31.757575991392603,32.67537689211679,[-63.84562683 -48.87119675],[-94.94110107 -48.87077713],[-126.69867706  -48.87036896],[-159.37405396  -48.870327  ]
55,31.04870224282575,31.692565920597204,32.6257553100809,[-62.6033287  -48.87119675],[-93.65203094 -48.87077713],[-125.34459686  -48.87036896],[-157.97035217  -48.87033081]
56,31.000915530235506,31.6243591334935,32.56581878664343,[-61.34915924 -48.87120056],[-92.35007477 -48.87077713],[-123.9744339   -48.87036896],[-156.54025269  -48.87033081]
57,30.952297213537708,31.55347442895915,32.49639892580364,[-60.08356857 -48.87120056],[-91.03586578 -48.87078094],[-122.58934021  -48.87036896],[-155.08573914  -48.87033081]
58,30.903034212654646,31.480354311777894,32.41843414308885,[-58.80695724 -48.87117004],[-89.70999146 -48.87078094],[-121.19034576  -48.87036896],[-153.60877991  -48.87033081]
59,30.853336336181375,31.40541839869839,32.33272552492485,[-57.5197258  -48.87112808],[-88.37306213 -48.87078094],[-119.77848053  -48.87036896],[-152.11120605  -48.87033081]
60,30.80334854308895,31.32910156520888,32.240097045921004,[-56.22227097 -48.87111664],[-87.02561951 -48.87078094],[-118.35472107  -48.87036896],[-150.59481812  -48.87033081]
61,30.753303530012456,31.251701357308647,32.14147949221014,[-54.91496277 -48.87111664],[-85.6682663  -48.87075043],[-116.91996765  -48.87036896],[-149.06144714  -48.87033081]
62,30.703277589810135,31.173667909733528,32.03773498538427,[-53.59818268 -48.87107468],[-84.30146027 -48.87073135],[-115.47512817  -48.87037659],[-147.51286316  -48.87033081]
63,30.653450013842217,31.095298769113615,31.929656982454688,[-52.27226257 -48.87104797],[-82.92571259 -48.87073135],[-114.02101135  -48.87037659],[-145.95066833  -48.87033081]
64,30.60391998475126,31.016952516465025,31.818099975618868,[-50.93755341 -48.87104797],[-81.54147339 -48.87071228],[-112.5584259   -48.87037659],[-144.37652588  -48.87033081]
65,30.554786684100847,30.938919069081926,31.703674316439297,[-49.5943985  -48.87104797],[-80.14918518 -48.87070084],[-111.08810425  -48.87037659],[-142.79177856  -48.87033081]
66,30.506168366929597,30.861473085199474,31.586875915560515,[-48.24309921 -48.87099838],[-78.74926758 -48.87070084],[-109.61074066  -48.87037659],[-141.19761658  -48.87033081]
67,30.458164216694144,30.784873963877395,31.46895599368564,[-46.88396835 -48.87099075],[-77.34213257 -48.87067795],[-108.12700653  -48.87037659],[-139.59596252  -48.87033081]
68,30.410854341247838,30.70934295833629,31.350616455080214,[-45.51729965 -48.87099075],[-75.92815399 -48.87067413],[-106.63749695  -48.87034225],[-137.9881134   -48.87033081]
69,30.36429977582068,30.635070802662522,31.232109069824453,[-44.14338303 -48.87099075],[-74.5076828  -48.87067413],[-105.1427536   -48.87033463],[-136.37486267  -48.87033081]
70,30.318553926174197,30.562294007796073,31.113449096679922,[-42.76249313 -48.87094498],[-73.08104706 -48.87063217],[-103.64334106  -48.87033463],[-134.75679016  -48.87033081]
71,30.273674012807337,30.491119386180436,30.995483398437734,[-41.37490082 -48.87093735],[-71.64857483 -48.87062836],[-102.13969421  -48.87033463],[-133.13517761  -48.87033081]
72,30.229721070915097,30.42170715473835,30.87966156005883,[-39.98085785 -48.87093735],[-70.21057892 -48.87062836],[-100.63228607  -48.87033463],[-131.51194763  -48.87033081]
73,30.186717988641956,30.35414886616729,30.76624298095727,[-38.580616   -48.87093735],[-68.76733398 -48.87062836],[-99.12148285 -48.87033463],[-129.88772583  -48.87033081]
74,30.144699097965937,30.288574220174272,30.655303955078363,[-37.17440796 -48.87090683],[-67.31910706 -48.87062836],[-97.60768127 -48.87033463],[-128.26298523  -48.87033081]
75,30.103672028840847,30.22506714009914,30.547462463379144,[-35.76247025 -48.87090302],[-65.86614227 -48.87062836],[-96.09120941 -48.87033463],[-126.63867188  -48.87033081]
76,30.063674928306728,30.163650514239094,30.44300079348093,[-34.34502411 -48.87090302],[-64.40869904 -48.87059784],[-94.57234955 -48.87029266],[-125.01535034  -48.87033081]
77,30.0246963512514,30.10438919222065,30.342025756864953,[-32.92228317 -48.87085724],[-62.94697952 -48.87059402],[-93.05136871 -48.87028885],[-123.39339447  -48.87033081]
78,29.98675537221571,30.047328950524367,30.24476623538067,[-31.49445724 -48.87085342],[-61.48121262 -48.87059402],[-91.52854156 -48.87028885],[-121.7733078   -48.87033081]
79,29.949842454126276,29.992473603847515,30.15142822268545,[-30.06174278 -48.87085342],[-60.01158524 -48.87059402],[-90.00405884 -48.87028885],[-120.15548706  -48.87033081]
80,29.913949967726836,29.93983078139628,30.062088012724598,[-28.62433052 -48.87085342],[-58.53828049 -48.87057495],[-88.47811127 -48.87028885],[-118.54019928  -48.87033081]
81,29.87910270824266,29.88936996593263,29.97680664065995,[-27.18240166 -48.87085342],[-57.06150436 -48.87057114],[-86.95087433 -48.87028885],[-116.92768097  -48.87033463]
82,29.845239640312236,29.84112167491916,29.89569854739833,[-25.7361393  -48.87081909],[-55.58137894 -48.87057114],[-85.42250061 -48.87028885],[-115.31819916  -48.87033463]
83,29.812381745480344,29.79498291131889,29.818771362339824,[-24.28571701 -48.87080765],[-54.09809875 -48.87055206],[-83.89308167 -48.87028885],[-113.71185303  -48.87033463]
84,29.780508042478587,29.75097656366436,29.74597167972272,[-22.83129311 -48.87080765],[-52.61180115 -48.87055206],[-82.36277771 -48.87028885],[-112.10874939  -48.87033463]
85,29.749603272582263,29.709033967230457,29.677330017125147,[-21.3730278  -48.87080765],[-51.12263107 -48.87055206],[-80.83166504 -48.87028885],[-110.50899506  -48.87033463]
86,29.719642640359773,29.66910171609238,29.61283874515257,[-19.91106796 -48.87080002],[-49.6307106  -48.87053299],[-79.29981232 -48.87028885],[-108.91265106  -48.87033463]
87,29.690616608519065,29.631126404752493,29.552413940445444,[-18.44556808 -48.87075043],[-48.13618469 -48.87052536],[-77.7673111  -48.87028885],[-107.31972504  -48.87031937]
88,29.662494660277687,29.59503936862083,29.49594116212146,[-16.9766655  -48.87075043],[-46.63916016 -48.87052536],[-76.23419952 -48.87028885],[-105.73014069  -48.87031555]
89,29.63526344384781,29.560783387302635,29.443336486846306,[-15.50449181 -48.87075043],[-45.13975525 -48.87052536],[-74.70053864 -48.87027359],[-104.14387512  -48.87031555]
90,29.608900071045834,29.52828216660069,29.394477844258333,[-14.02917671 -48.87075043],[-43.63807678 -48.87052536],[-73.16635895 -48.87027359],[-102.56083679  -48.87030792]
91,29.583376885631406,29.497478485880958,29.349235534680115,[-12.55085087 -48.87075043],[-42.13422775 -48.87048721],[-71.63170624 -48.87027359],[-100.98094177  -48.87030029]
92,29.55867576719736,29.46827697828596,29.30745697022701,[-11.06962776 -48.87075043],[-40.62830353 -48.8704834 ],[-70.09658051 -48.87027359],[-99.40403748 -48.87030029]
93,29.534771920457615,29.440631867597855,29.269020080665843,[ -9.58562374 -48.87075043],[-39.12039566 -48.8704834 ],[-68.56102753 -48.870224  ],[-97.83004761 -48.87030029]
94,29.511645317878664,29.414443970870355,29.233787536645984,[ -8.09895039 -48.87070084],[-37.6105957 -48.8704834],[-67.02503967 -48.870224  ],[-96.25882721 -48.87026215]
95,29.489275933085764,29.389652253342025,29.20157623293507,[ -6.60971165 -48.87069702],[-36.09898758 -48.8704834 ],[-65.48863983 -48.870224  ],[-94.69021606 -48.87026215]
96,29.46763038712686,29.366180421101493,29.172237396270415,[ -5.11801338 -48.87069702],[-34.58564377 -48.8704834 ],[-63.95182419 -48.87022018],[-93.12406158 -48.87026215]
97,29.44669270592929,29.343975068319182,29.14559173587005,[ -3.62395167 -48.87069702],[-33.07064438 -48.8704834 ],[-62.41461945 -48.87022018],[-91.56021118 -48.87026215]
98,29.42644047814662,29.322952271689168,29.121482849151324,[ -2.12762141 -48.87069702],[-31.55406189 -48.8704834 ],[-60.87701416 -48.87022018],[-89.99849701 -48.87026215]
99,29.406858147111308,29.303045273844187,29.099750518829083,[ -0.62911254 -48.87069702],[-30.03597069 -48.87046432],[-59.33901596 -48.87022018],[-88.43876648 -48.87026215]
100,29.3879128702863,29.284191132546876,29.080242157012698,[  0.87148678 -48.87067795],[-28.51642609 -48.8704567 ],[-57.80061722 -48.87022018],[-86.88085938 -48.87026215]
101,29.36958599171066,29.2663364419957,29.062770843536153,[  2.37409306 -48.87067413],[-26.99549294 -48.8704567 ],[-56.26182938 -48.87022018],[-85.32460022 -48.87026215]
102,29.351865530763895,29.249401093485513,29.047210693389683,[  3.87862563 -48.8706665 ],[-25.4732399 -48.8704567],[-54.72264099 -48.87022018],[-83.76985168 -48.87026215]
103,29.334723949890986,29.233339310649125,29.03339767459087,[  5.38500738 -48.87062073],[-23.94971657 -48.8704567 ],[-53.18305588 -48.87022018],[-82.21645355 -48.87026215]
104,29.318141461115818,29.21809387274367,29.021179199249087,[  6.8931613  -48.87062073],[-22.42498016 -48.87041855],[-51.64307404 -48.87022018],[-80.66425323 -48.87026215]
105,29.30209922860277,29.203617096620956,29.010429382354566,[  8.40301704 -48.87062073],[-20.89908218 -48.87041855],[-50.10269928 -48.87022018],[-79.11312866 -48.87026215]
106,29.286584854823843,29.18984985416396,29.00098419191962,[  9.91450691 -48.87062073],[-19.37207794 -48.87041855],[-48.5619278 -48.870224 ],[-77.56291199 -48.87026215]
107,29.271576882106917,29.176755905799993,28.992729187017993,[ 11.42756557 -48.87062073],[-17.84401131 -48.87041855],[-47.02076721 -48.870224  ],[-76.0134964  -48.87024307]
108,29.25705719063998,29.164281845741677,28.98554611206682,[ 12.94212532 -48.87062073],[-16.31493187 -48.87041855],[-45.47921371 -48.870224  ],[-74.46475983 -48.87024307]
109,29.243010521633966,29.152386665993404,28.97931671143206,[ 14.45812607 -48.87062073],[-14.78488445 -48.87041855],[-43.93727112 -48.870224  ],[-72.91658783 -48.87024307]
110,29.229422569974133,29.141026497536625,28.973934173590262,[ 15.97550964 -48.87062073],[-13.25391293 -48.87041855],[-42.39493942 -48.870224  ],[-71.3688736  -48.87024307]
111,29.216277123095498,29.130166054421636,28.969299316412528,[ 17.49421692 -48.87060547],[-11.7220602  -48.87041855],[-40.85222626 -48.870224  ],[-69.82152557 -48.87024307]
112,29.205593109658015,29.119787216836418,28.96529769897461,[ 19.01623344 -48.87059402],[-10.18935966 -48.87041855],[-39.30914688 -48.870224  ],[-68.27444458 -48.870224  ]
113,29.20620155412598,29.110132217827385,28.96184539794922,[ 20.55063248 -48.87059402],[ -8.65556908 -48.8703804 ],[-37.76570129 -48.870224  ],[-66.72754669 -48.870224  ]
114,29.22261095104363,29.102616787356805,28.958911895751953,[ 22.10337639 -48.87055969],[ -7.11923456 -48.87037659],[-36.22185135 -48.870224  ],[-65.18076324 -48.870224  ]
115,29.254870892120444,29.099524021548742,28.95665740966797,[ 23.6770153  -48.87055588],[ -5.57785559 -48.87037659],[-34.67737961 -48.870224  ],[-63.63403702 -48.870224  ]
116,29.301746368956724,29.102481842441033,28.95556640625,[ 25.2725563  -48.87055588],[ -4.02919006 -48.87037659],[-33.13167191 -48.870224  ],[-62.08723831 -48.870224  ]
117,29.361465931486126,29.112695217638663,28.956335067755305,[ 26.89028168 -48.87055588],[ -2.47118425 -48.87037659],[-31.58387947 -48.87020493],[-60.54021454 -48.870224  ]
118,29.431794465134264,29.131329238920536,28.959697723389677,[ 28.53014183 -48.87055588],[ -0.90165263 -48.87037659],[-30.03298187 -48.87020493],[-58.9926796  -48.87021255]
119,29.510535300080015,29.159134805707772,28.966491699219755,[ 30.19192886 -48.8705101 ],[  0.68139356 -48.87037659],[-28.47774124 -48.87020493],[-57.44423294 -48.87021255]
120,29.595706701562882,29.1963751321117,28.97763824462991,[ 31.87536049 -48.87050629],[  2.27965379 -48.87037659],[-26.91672134 -48.87020493],[-55.89435959 -48.87021255]
121,29.68541717568513,29.243106842459262,28.993988037111635,[ 33.58013535 -48.87050629],[  3.89471817 -48.8703537 ],[-25.34838867 -48.8701973 ],[-54.34237671 -48.87020874]
122,29.777893543654145,29.299161434570916,29.01630592346417,[ 35.30591583 -48.87050629],[  5.52802229 -48.87034988],[-23.77113914 -48.8701973 ],[-52.78744507 -48.87020874]
123,29.871622562817894,29.364043713186863,29.045331954956055,[ 37.05239105 -48.87050629],[  7.18076849 -48.87034988],[-22.18327522 -48.87016678],[-51.22860718 -48.87016678]
124,29.96523857157516,29.43707466182436,29.081645965576172,[ 38.81923294 -48.87050629],[  8.85399437 -48.87034988],[-20.58308029 -48.87016678],[-49.66472626 -48.87016678]
125,30.05753231109101,29.517447471993574,29.12568473815918,[ 40.60612106 -48.87050629],[ 10.54858875 -48.87031555],[-18.96885872 -48.87016678],[-48.09454346 -48.87016678]
126,30.147474289366162,29.60420417823027,29.17772674560547,[ 42.41274261 -48.87047577],[ 12.26526833 -48.87031555],[-17.33893585 -48.87016678],[-46.5166626  -48.87016678]
127,30.23418808021903,29.696272850409287,29.237935066223145,[ 44.23877716 -48.87046814],[ 14.00458908 -48.87031555],[-15.69168377 -48.87016678],[-44.92961884 -48.87016678]
128,30.316946983721397,29.792546272649293,29.306232452392578,[ 46.08392334 -48.87046814],[ 15.76697636 -48.87031555],[-14.02556992 -48.87016678],[-43.33180237 -48.87016678]
129,30.395147323991406,29.891864776981553,29.382421493530273,[ 47.94786835 -48.87046814],[ 17.55272102 -48.87031555],[-12.33914375 -48.87016678],[-41.72156525 -48.87016678]
130,30.468339920426033,29.993063927065755,29.466124534606934,[ 49.83032608 -48.87046814],[ 19.36198616 -48.87031555],[-10.63107777 -48.87016678],[-40.0972023  -48.87016678]
131,30.53618240394569,30.094991684327688,29.556814193725586,[ 51.73101044 -48.87046814],[ 21.19482803 -48.87031555],[ -8.90016365 -48.87016678],[-38.45697784 -48.87016678]
132,30.598421097221216,30.196536064726477,29.653826713597343,[ 53.64962387 -48.87046814],[ 23.05120277 -48.87030792],[ -7.14533329 -48.870121  ],[-36.79916    -48.87016678]
133,30.65491104195188,30.296633243889566,29.75635671619733,[ 55.58588409 -48.87046432],[ 24.93097305 -48.87025833],[ -5.36566019 -48.87011719],[-35.12201691 -48.87016678]
134,30.70557594339149,30.394292593330036,29.863525629084755,[ 57.53950119 -48.87041473],[ 26.83392525 -48.87025833],[ -3.56036735 -48.87011719],[-33.42389297 -48.87016678]
135,30.75043487588603,30.488606930123655,29.97433519368865,[ 59.51021194 -48.87041092],[ 28.75977707 -48.87025452],[ -1.72882986 -48.87010956],[-31.70316505 -48.87016678]
136,30.78956222570123,30.578760832891728,30.087741166407636,[ 61.49774933 -48.87040329],[ 30.7081871  -48.87025452],[  0.12942627 -48.87010956],[-29.9583149  -48.87016678]
137,30.823070526482088,30.664040327414774,30.202639818245732,[ 63.50183868 -48.87040329],[ 32.67876816 -48.87025452],[  2.01472783 -48.87010956],[-28.18791199 -48.87016678]
138,30.85113906896223,30.743821144445747,30.317925453226593,[ 65.5222168  -48.87040329],[ 34.67107773 -48.87025452],[  3.92725658 -48.87010956],[-26.39066887 -48.87015915]
139,30.874000549674854,30.817589760167586,30.432471275333416,[ 67.55864716 -48.87040329],[ 36.68464661 -48.87025452],[  5.86705685 -48.87010956],[-24.56541443 -48.87012482]
140,30.891860962272304,30.884945392948826,30.545186519626615,[ 69.61084747 -48.87040329],[ 38.71898651 -48.87025452],[  7.83404112 -48.87010956],[-22.7111454  -48.87012482]
141,30.90501022374676,30.945574760776527,30.654997825626356,[ 71.67858887 -48.87040329],[ 40.77357864 -48.87025452],[  9.82800388 -48.87010956],[-20.82699394 -48.87012482]
142,30.91370391881502,30.99928188357867,30.760907173160522,[ 73.76161194 -48.87040329],[ 42.84790802 -48.87025452],[ 11.84862614 -48.87010956],[-18.91228104 -48.87012482]
143,30.918273926139186,31.045941353182656,30.86198139191051,[ 75.85970306 -48.87040329],[ 44.94142914 -48.87025452],[ 13.89548779 -48.87010956],[-16.96649361 -48.87012482]
144,30.922737121939914,31.085975647310637,30.953153610233255,[ 77.97257996 -48.87040329],[ 47.04984283 -48.87025452],[ 15.96386719 -48.87010956],[-14.98928642 -48.87012482]
145,30.945060730338096,31.12504196200748,31.011073112491548,[ 80.10005951 -48.87040329],[ 49.15499878 -48.87025452],[ 18.02995682 -48.87010956],[-12.98111629 -48.87012482]
146,30.985134125150594,31.16591262851094,31.036389350894865,[ 82.24187469 -48.87041092],[ 51.25674057 -48.87025452],[ 20.09082794 -48.87010956],[-10.94556141 -48.87012482]
147,31.032802582181237,31.20413398776346,31.04913043976205,[ 84.39781189 -48.87041092],[ 53.36500931 -48.87025452],[ 22.16087532 -48.87010956],[ -8.88825512 -48.87012482]
148,31.092170715725405,31.23885154757754,31.047154903415613,[ 86.56763458 -48.87041092],[ 55.47546387 -48.87025452],[ 24.23661232 -48.87010956],[ -6.81054258 -48.87012482]
149,31.167980194484215,31.273530960418963,31.022178173068937,[ 88.75115204 -48.87041092],[ 57.58317184 -48.87025452],[ 26.30964088 -48.87010956],[ -4.71253729 -48.87012482]
150,31.256366730021487,31.30737686190786,30.98295092583078,[ 90.94811249 -48.87038803],[ 59.69174576 -48.87025452],[ 28.3843689  -48.87010956],[ -2.59858203 -48.87012482]
151,31.356468200806344,31.338388443328423,30.93573018908877,[ 93.15834808 -48.87034225],[ 61.80187988 -48.87025452],[ 30.46349144 -48.87010956],[ -0.47223875 -48.87012482]
152,31.4707984925336,31.36790466342088,30.876569986347153,[ 95.38162231 -48.87033463],[ 63.91082382 -48.87025452],[ 32.54291916 -48.87010956],[  1.66634917 -48.87012482]
153,31.598777771097637,31.39653396639909,30.807060480121574,[ 97.6177063  -48.87033463],[ 66.01892853 -48.87025452],[ 34.62239456 -48.87010956],[  3.81533408 -48.87012482]
154,31.73946380625344,31.42344665560779,30.732108592990848,[ 99.86643982 -48.87033463],[ 68.12697601 -48.87025452],[ 36.70352936 -48.87010956],[  5.97142076 -48.87012482]
155,31.89360046395844,31.448841095304786,30.65172195436493,[102.12760162 -48.87033081],[ 70.23400116 -48.87025452],[ 38.78516006 -48.87010956],[  8.13343811 -48.87007523]
156,32.0614089966728,31.47317504916195,30.56588077547094,[104.40102386 -48.87033081],[ 72.33961487 -48.87025452],[ 40.86643982 -48.87010956],[ 10.30055904 -48.87007523]
157,32.242355346769955,31.496295929288657,30.477168083214792,[106.68649292 -48.87033081],[ 74.44413757 -48.87025452],[ 42.94784164 -48.87010956],[ 12.47067356 -48.87007141]
158,32.43650817880986,31.518146515225926,30.38684463503371,[108.98381805 -48.87033463],[ 76.54730988 -48.87025452],[ 45.02916336 -48.87010956],[ 14.64231873 -48.87007141]
159,32.64399719248111,31.538940430020627,30.294778823876555,[111.29279327 -48.87033463],[ 78.64879608 -48.87025452],[ 47.10985565 -48.87010956],[ 16.81507683 -48.87007141]
160,32.864616394131524,31.5587348941495,30.201656341576825,[113.61325836 -48.87033463],[ 80.74864197 -48.87025833],[ 49.18990707 -48.87010956],[ 18.98825073 -48.87007141]
161,33.09827423104496,31.577461243026246,30.10950088503393,[115.94503784 -48.87033463],[ 82.84676361 -48.87025833],[ 51.26930237 -48.87010956],[ 21.15980148 -48.87007141]
162,33.34490966805603,31.59527206455925,30.01887512209455,[118.28793335 -48.87033463],[ 84.94302368 -48.87025833],[ 53.34775162 -48.87010956],[ 23.3288765  -48.87007141]
163,33.604415893641296,31.612220764510234,29.929792404199116,[120.64177704 -48.87033463],[ 87.03736115 -48.87025833],[ 55.42514038 -48.87010956],[ 25.49534798 -48.87007141]
164,33.87665557869919,31.62826919590654,29.843072891259734,[123.00637054 -48.87033463],[ 89.12971497 -48.87025833],[ 57.50144577 -48.87010956],[ 27.65837288 -48.87007141]
165,34.161598205580034,31.64347839390442,29.759292602563512,[125.38161469 -48.87028885],[ 91.22001648 -48.87025833],[ 59.57653809 -48.87010956],[ 29.81724548 -48.87007141]
166,34.45906829834322,31.657928467146448,29.678506851220806,[127.7673111  -48.87027359],[ 93.3082428  -48.87025833],[ 61.65031433 -48.87010956],[ 31.97180748 -48.87007141]
167,34.76892852783538,31.67162323032989,29.600902557397628,[130.1632843  -48.87027359],[ 95.39435577 -48.87025833],[ 63.72273254 -48.87010956],[ 34.12182999 -48.87007141]
168,35.091026306153175,31.68457794224381,29.526668548608626,[132.5693512  -48.87026596],[ 97.47832489 -48.87025833],[ 65.79374695 -48.87010956],[ 36.2670784  -48.87007141]
169,35.425239563017854,31.69689941425555,29.456153869658795,[134.98539734 -48.87026596],[ 99.56015778 -48.87022018],[ 67.86325836 -48.87010956],[ 38.40710449 -48.8700676 ]
170,35.771415710494985,31.70855712906137,29.38952255252019,[137.41123962 -48.87026596],[101.63982391 -48.87020874],[ 69.93126678 -48.87010956],[ 40.54174423 -48.8700676 ]
171,36.129409790084374,31.71960449234256,29.32671356204174,[139.84674072 -48.87026596],[103.71733093 -48.87020874],[ 71.99772644 -48.87010956],[ 42.67101288 -48.8700676 ]
172,36.49903869633391,31.730064392244856,29.267726898193608,[142.29170227 -48.87026596],[105.79266357 -48.87020874],[ 74.06259918 -48.87010956],[ 44.79487228 -48.87010574]
173,36.88019561772017,31.739959716951837,29.212615966799117,[144.74603271 -48.87026596],[107.8658371  -48.87020874],[ 76.12587738 -48.87010956],[ 46.91326141 -48.870121  ]
174,37.27265930180173,31.74932861343617,29.16129302978915,[147.20953369 -48.87026596],[109.93687439 -48.87020874],[ 78.18754578 -48.87010956],[ 49.02625275 -48.87012482]
175,37.67634582523876,31.758178711092373,29.113651275638766,[149.68211365 -48.87026596],[112.00576782 -48.87020874],[ 80.24758911 -48.87010956],[ 51.13393784 -48.87012482]
176,38.09105682377345,31.766540527498584,29.06963729858799,[152.16360474 -48.87026596],[114.07254791 -48.87020874],[ 82.30600739 -48.87010956],[ 53.23637009 -48.87012482]
177,38.5166244507261,31.77445220962745,29.029136657718855,[154.65386963 -48.87026596],[116.13724518 -48.87020874],[ 84.36279297 -48.87010956],[ 55.33365631 -48.87012482]
178,38.95288848881156,31.78192138687351,28.991950988773546,[157.15275574 -48.87026596],[118.19986725 -48.87020874],[ 86.41794586 -48.87010956],[ 57.42599487 -48.87012482]
179,39.39969635013921,31.788963318025818,28.95797348022863,[159.66014099 -48.87026596],[120.26044464 -48.87020874],[ 88.47148132 -48.87010956],[ 59.51350784 -48.87012482]
180,39.856864929240295,31.795654297029692,28.92702484131262,[162.17590332 -48.87026596],[122.31903839 -48.87020874],[ 90.52338409 -48.87010956],[ 61.59635925 -48.87012482]
181,40.32429504398591,31.801872253572633,28.898990631107544,[164.69987488 -48.87026596],[124.37557983 -48.87020874],[ 92.57370758 -48.87010956],[ 63.67471695 -48.87012482]
182,40.80178070073513,31.807746887361663,28.873664855961064,[167.23196411 -48.87027359],[126.43018341 -48.87020874],[ 94.62243652 -48.87010956],[ 65.74877167 -48.87012482]
183,41.28909301762905,31.81330108658039,28.85092163086341,[169.77200317 -48.87027359],[128.48291016 -48.87020874],[ 96.66960907 -48.87010956],[ 67.81868744 -48.87012482]
184,41.786102294972196,31.81852722183427,28.83057403564857,[172.31985474 -48.87027359],[130.53375244 -48.87020874],[ 98.71522522 -48.87010956],[ 69.88465118 -48.87012482]
185,42.29280090337003,31.823425293123307,28.81244659424232,[174.8755188  -48.87027359],[132.5827179  -48.87020874],[100.7592926  -48.87010956],[ 71.94684601 -48.87012482]
186,42.80886840830935,31.8280105591561,28.79644012451576,[177.43875122 -48.87027359],[134.62988281 -48.87017822],[102.80187225 -48.87010956],[ 74.00543213 -48.87012482]
187,43.33415222175373,31.83230590826918,28.7823867797892,[180.00944519 -48.87025452],[136.67529297 -48.87017441],[104.84298706 -48.87010956],[ 76.06060028 -48.87012482]
188,43.86862182618531,31.83631134039808,28.770118713382953,[182.58757019 -48.87020874],[138.71894836 -48.87017441],[106.88263702 -48.87010956],[ 78.11251831 -48.87012482]
189,44.4120178222789,31.84007263190198,28.75947570801186,[185.17292786 -48.87020874],[140.76091003 -48.87017441],[108.9208374  -48.87010956],[ 80.16136169 -48.87012482]
190,44.9642181396588,31.843582153386347,28.750343322757956,[187.76542664 -48.87020493],[142.8012085  -48.87017441],[110.95762634 -48.87010956],[ 82.20728302 -48.87012482]
191,45.525039672861794,31.846862793034777,28.742630004886863,[190.36494446 -48.87020493],[144.83990479 -48.87017441],[112.99304199 -48.87010956],[ 84.25041199 -48.87012482]
192,46.09439086915073,31.849891662663676,28.736160278324363,[192.97138977 -48.87020493],[146.8769989  -48.87017441],[115.02710724 -48.87010956],[ 86.29094696 -48.87012482]
193,46.67207336426779,31.852699279851173,28.73081207275796,[195.58462524 -48.87020493],[148.91255188 -48.87017441],[117.0598526  -48.87010956],[ 88.32904053 -48.87012482]
194,47.25796508790048,31.855300903386322,28.72647857666421,[198.20455933 -48.87020493],[150.94659424 -48.87017441],[119.09129333 -48.87010956],[ 90.36481476 -48.87012482]
195,47.85195922852536,31.8576889038746,28.723075866703272,[200.83113098 -48.87020493],[152.97917175 -48.87017441],[121.12148285 -48.87010956],[ 92.39840698 -48.87012482]
196,48.45384216309555,31.85987854010506,28.72048950195718,[203.4641571  -48.87020493],[155.01031494 -48.87017441],[123.1504364  -48.87010956],[ 94.4299469  -48.87012482]
197,49.06347656250949,31.861885070866776,28.718627929691554,[206.10354614 -48.87020493],[157.04006958 -48.87017441],[125.17818451 -48.87010956],[ 96.45955658 -48.87012482]
198,49.68078613282187,31.863723754948804,28.717399597172022,[208.74925232 -48.87020493],[159.06846619 -48.87017441],[127.20474243 -48.87010956],[ 98.48734283 -48.87012482]
199,50.30561828614207,31.865402221745676,28.716743469242335,[211.40116882 -48.87020493],[161.09555054 -48.87017441],[129.23014832 -48.87010956],[100.51340485 -48.87012482]
200,50.937820434611595,31.866912841811487,28.71659088135171,[214.05917358 -48.87020493],[163.12135315 -48.87014008],[131.25444031 -48.87010956],[102.53784943 -48.87012482]
201,51.57722473149102,31.868270874029147,28.716888427735388,[216.72314453 -48.87020493],[165.1459198  -48.87013626],[133.27764893 -48.87011719],[104.5607605  -48.87012482]
202,52.22370910649045,31.869476318365084,28.717552185059606,[219.39295959 -48.87020493],[167.16925049 -48.87013626],[135.29977417 -48.87011719],[106.58222198 -48.87012482]
203,52.877227783247704,31.870529174810393,28.7185516357432,[222.06864929 -48.87020493],[169.19142151 -48.87013626],[137.32089233 -48.87011719],[108.6023407  -48.87012482]
204,53.537612915083095,31.871505737310393,28.719787597657263,[224.75007629 -48.87020493],[171.21246338 -48.87013626],[139.34095764 -48.87011719],[110.62117004 -48.87012482]
205,54.20477294926224,31.872329711919768,28.721260070801794,[227.43714905 -48.87020493],[173.2323761  -48.87013626],[141.36004639 -48.87011719],[112.63878632 -48.87012482]
206,54.8785247803164,31.87301635742758,28.722953796390772,[230.12974548 -48.87020493],[175.2512207  -48.87013626],[143.37820435 -48.87011719],[114.65525055 -48.87013245]
207,55.55880737308931,31.87356567383383,28.724800109867335,[232.82780457 -48.87020493],[177.26899719 -48.87013626],[145.39543152 -48.87011719],[116.67063141 -48.87013245]
208,56.2454071045341,31.874023437505706,28.726821899418116,[235.53120422 -48.87020493],[179.28579712 -48.87013626],[147.41177368 -48.87011719],[118.68495178 -48.87013245]
209,56.938308715861716,31.87438964845599,28.728935241715426,[238.2399292  -48.87020493],[181.30162048 -48.87013626],[149.42723083 -48.87010193],[120.69829559 -48.87013245]
210,57.637374877970586,31.874603271517245,28.7311172485658,[240.95384216 -48.87020493],[183.31646729 -48.87013626],[151.44186401 -48.87009048],[122.71074677 -48.87013245]
211,58.342498779337284,31.874725341829745,28.733367919952514,[243.67288208 -48.87020493],[185.3303833  -48.87013626],[153.45565796 -48.87009048],[124.72229004 -48.87013245]
212,59.05354309086023,31.874786376985995,28.73564147950839,[246.39697266 -48.87020493],[187.34342957 -48.87013626],[155.46864319 -48.87009048],[126.73300171 -48.870121  ]
213,59.77037048343788,31.87475585940787,28.737945556646956,[249.12597656 -48.87020493],[189.35560608 -48.87013626],[157.48085022 -48.87009048],[128.74290466 -48.87007141]
214,60.49291992191397,31.874618530306307,28.740280151373515,[251.85986328 -48.87020493],[191.36694336 -48.87013626],[159.49232483 -48.87009048],[130.75204468 -48.87007141]
215,61.22111511234319,31.874404907259432,28.742614746100077,[254.59858704 -48.87020493],[193.37747192 -48.87013626],[161.50306702 -48.87009048],[132.76045227 -48.87007141]
216,61.95486450199552,31.874099731478182,28.74494934082664,[257.34207153 -48.87020874],[195.38720703 -48.87013626],[163.5131073  -48.87009048],[134.76815796 -48.87007141]
217,62.693984985393456,31.873764038206694,28.747253417977863,[260.09017944 -48.87020874],[197.39619446 -48.87013626],[165.52243042 -48.87004852],[136.775177   -48.87007141]
218,63.43844604496328,31.873321533323885,28.749542236337234,[262.84289551 -48.87020874],[199.40444946 -48.87013626],[167.53112793 -48.87004852],[138.78158569 -48.87007141]
219,64.18812561039249,31.87280273449576,28.751815795907547,[265.60009766 -48.87020874],[201.41197205 -48.87013626],[169.53916931 -48.87004852],[140.78735352 -48.87007141]
220,64.94294738772399,31.87223815930045,28.75404357911067,[268.36178589 -48.8701973 ],[203.4188385  -48.87013626],[171.54660034 -48.87004852],[142.79255676 -48.87007141]
221,65.69821166992365,31.87162780773795,28.75624084473567,[271.1232605  -48.87015152],[205.42504883 -48.87013626],[173.55342102 -48.87004852],[144.79718018 -48.87007141]
222,66.4231109619145,31.870956421019205,28.758407592782547,[273.85372925 -48.87014389],[207.43061829 -48.87013626],[175.55966187 -48.87004852],[146.80125427 -48.87007141]
223,67.10427856445324,31.870193481566083,28.760528564462234,[276.53982544 -48.87014008],[209.43554688 -48.87013626],[177.56535339 -48.87004852],[148.80482483 -48.87007141]
224,67.75708007813799,31.869400024452645,28.762634277352856,[279.19696045 -48.87014008],[211.43988037 -48.87009811],[179.57048035 -48.87004852],[150.80784607 -48.87007141]
225,68.38726806641913,31.86854553226515,28.764694213876293,[281.8309021  -48.87014008],[213.44363403 -48.87009811],[181.5750885  -48.87004852],[152.81039429 -48.87007141]
226,68.9860229492293,31.867599487343274,28.766708374032543,[284.43283081 -48.87013626],[215.44680786 -48.87009811],[183.57920837 -48.87004852],[154.8125     -48.87007141]
227,69.55377197266671,31.866638183632336,28.768692016610668,[287.00323486 -48.87013626],[217.44946289 -48.87009811],[185.58282471 -48.87004852],[156.81413269 -48.87007141]
228,70.09555053713272,31.865676879921402,28.770614624032543,[289.54718018 -48.87015533],[219.45162964 -48.87009811],[187.58595276 -48.87004852],[158.81533813 -48.87007141]
229,70.6098175049636,31.864578247108902,28.772537231454415,[292.06304932 -48.87020493],[221.45323181 -48.87009811],[189.58865356 -48.87004852],[160.81611633 -48.87007141]
230,71.09503173843692,31.863494873085465,28.774383544930977,[294.54940796 -48.87024689],[223.45437622 -48.87009811],[191.59088135 -48.87004852],[162.8164978  -48.87007141]
231,71.55276489274905,31.86235046390578,28.776214599618477,[297.0078125  -48.87025452],[225.45504761 -48.87009811],[193.59269714 -48.87004852],[164.81648254 -48.87007141]
232,71.9834899904043,31.86119079593703,28.77799987793879,[299.43875122 -48.87025452],[227.45526123 -48.87009811],[195.59407043 -48.87004852],[166.81607056 -48.87007141]
233,72.38653564470022,31.859970092812034,28.77976989747004,[301.84158325 -48.87025452],[229.45504761 -48.87009811],[197.59507751 -48.87004852],[168.81530762 -48.87007141]
234,72.76216125505091,31.8559570312886,28.784271240243473,[304.21658325 -48.87025452],[231.454422   -48.87009811],[199.59846497 -48.87004852],[170.81419373 -48.87007141]
235,73.11083984391729,31.832733154335504,28.80747985840753,[306.5642395  -48.87025452],[233.45339966 -48.87009811],[201.6206665  -48.87004852],[172.81318665 -48.87007141]
236,73.43243408219782,31.788589477577744,28.848587036141893,[308.88439941 -48.87025452],[235.45196533 -48.87009811],[203.66337585 -48.87004852],[174.81478882 -48.87007141]
237,73.72703552262684,31.736206054726246,28.89077758789969,[311.17718506 -48.87025452],[237.45014954 -48.87009811],[205.71394348 -48.87004852],[176.82316589 -48.87007141]
238,73.99476623552502,31.675094604531008,28.933380126962177,[313.44274902 -48.87025833],[239.44798279 -48.87009811],[207.77288818 -48.87004852],[178.83950806 -48.87007141]
239,74.23588562029008,31.600234985390475,28.983825683594002,[315.68136597 -48.87025833],[241.44548035 -48.87009811],[209.84524536 -48.87004852],[180.86141968 -48.87005234]
240,74.45095825212552,31.51705932621089,29.03495788574244,[317.89361572 -48.87025833],[243.44265747 -48.87009811],[211.92559814 -48.87004852],[182.89064026 -48.87004471]
241,74.64111328142195,31.429656982460997,29.080474853515874,[320.08059692 -48.87025833],[245.43948364 -48.87009811],[214.00982666 -48.87004852],[184.92935181 -48.87004471]
242,74.80706787126532,31.336090087929865,29.123886108398686,[322.24307251 -48.87025833],[247.43600464 -48.87009811],[216.09991455 -48.87004852],[186.97602844 -48.87004471]
243,74.94952392588696,31.23745727542999,29.164657592773686,[324.38174438 -48.870224  ],[249.43222046 -48.87009811],[218.19476318 -48.87004852],[189.03010559 -48.87004471]
244,75.06922912605808,31.13688659671918,29.198455810547124,[326.49740601 -48.87020874],[251.42817688 -48.87009811],[220.29129028 -48.87004852],[191.09283447 -48.87004471]
245,75.16702270515952,31.034698486367745,29.225753784179936,[328.59085083 -48.87020874],[253.42382812 -48.87009811],[222.38912964 -48.87004852],[193.16337585 -48.87004471]
246,75.24346923836258,30.930984497110067,29.24806213378931,[330.66268921 -48.87020874],[255.41921997 -48.87009811],[224.48823547 -48.87004852],[195.24017334 -48.87004471]
247,75.29928588875313,30.827453613321136,29.264373779297124,[332.71365356 -48.87020874],[257.41436768 -48.87009811],[226.58691406 -48.87004852],[197.32254028 -48.87004471]
248,75.33520507820623,30.724868774454084,29.273284912109624,[334.7444458  -48.87020874],[259.40924072 -48.87009811],[228.68437195 -48.87004852],[199.41108704 -48.87004471]
249,75.35180664074329,30.623489379894455,29.275665283223255,[336.75570679 -48.87020874],[261.40390015 -48.87007523],[230.78041077 -48.87004852],[201.50474548 -48.87001419]
250,75.34973144543079,30.524002075206994,29.272094726582633,[338.74807739 -48.87020874],[263.39834595 -48.87007523],[232.87434387 -48.87004852],[203.60224915 -48.87001419]
251,75.32962036144644,30.427001953136717,29.262466430684203,[340.72216797 -48.87020874],[265.39254761 -48.87007523],[234.96554565 -48.87004852],[205.70307922 -48.87001419]
252,75.29211425789947,30.33280944825394,29.2472534179889,[342.6786499  -48.87018967],[267.38653564 -48.87007523],[237.0537262  -48.87004852],[207.80647278 -48.87001419]
253,75.23760986335175,30.24171447755085,29.227340698262353,[344.61795044 -48.87017822],[269.38034058 -48.87007523],[239.1386261  -48.87004852],[209.9112854  -48.87001419]
254,75.16680908210182,30.154052734386823,29.203140258809242,[346.54074097 -48.87017822],[271.37393188 -48.87007523],[241.21987915 -48.87004852],[212.01673889 -48.87001419]
255,75.08004760749252,30.069931030285293,29.175262451192076,[348.4473877  -48.87017822],[273.36734009 -48.87007523],[243.29740906 -48.87004852],[214.12214661 -48.87001419]
256,74.97802734382074,29.98951721192595,29.144348144556215,[350.33859253 -48.87017822],[275.36056519 -48.87007523],[245.37104797 -48.87004852],[216.22669983 -48.87001038]
257,74.86120605471899,29.91302490235567,29.11099243166562,[352.21484375 -48.87014389],[277.3536377  -48.87007523],[247.44061279 -48.87004852],[218.32962036 -48.87001038]
258,74.73007202151251,29.840423583996323,29.075683593775025,[354.07662964 -48.87014008],[279.34655762 -48.87007523],[249.50613403 -48.87004852],[220.43045044 -48.87001038]
259,74.58514404299694,29.771713256847914,29.038848876978182,[355.92446899 -48.87014008],[281.33932495 -48.87007523],[251.56761169 -48.87004852],[222.52876282 -48.87001038]
260,74.42687988284075,29.706878662121376,29.00135803225165,[357.75878906 -48.87014008],[283.33190918 -48.87007523],[253.62503052 -48.87004852],[224.62367249 -48.87001038]
261,74.2555847168252,29.645797729504213,28.963882446314184,[359.57992554 -48.87014008],[285.32434082 -48.87007523],[255.67854309 -48.87004852],[226.71466064 -48.87001038]
262,74.07171630862214,29.588531494152676,28.92649841311109,[361.38839722 -48.87014008],[287.31668091 -48.87007523],[257.72814941 -48.87004852],[228.801651   -48.87001038]
263,73.87582397463784,29.534973144543322,28.889694213892373,[363.18469238 -48.87014008],[289.30886841 -48.87007523],[259.77389526 -48.87004852],[230.88420105 -48.87001038]
264,73.66833496096605,29.484924316418343,28.854049682642405,[364.96923828 -48.87014008],[291.30090332 -48.87007523],[261.815979   -48.87004852],[232.96192932 -48.87001038]
265,73.44937133791926,29.438385009777736,28.819717407251808,[366.74224854 -48.87014008],[293.2928772  -48.87007523],[263.85449219 -48.87004852],[235.03477478 -48.87001038]
266,73.21954345705997,29.395050048840254,28.787002563501837,[368.50421143 -48.87014008],[295.28466797 -48.87007523],[265.88961792 -48.87004852],[237.10261536 -48.87001038]
267,72.9790954590132,29.354858398449647,28.756225585962802,[370.25546265 -48.87014008],[297.27636719 -48.87007523],[267.92150879 -48.87004852],[239.1652832  -48.87001038]
268,72.72842407228254,29.317718505871536,28.727416992212827,[371.99639893 -48.87012482],[299.26797485 -48.87007523],[269.95025635 -48.87004852],[241.22283936 -48.87001038]
269,72.46780395509258,29.2834472656737,28.700759887697593,[373.72729492 -48.870121  ],[301.25949097 -48.87007523],[271.9760437  -48.87002182],[243.27528381 -48.87001038]
270,72.19775390626451,29.25180053715813,28.676452636721034,[375.44863892 -48.870121  ],[303.25088501 -48.87007523],[273.99908447 -48.87002182],[245.32263184 -48.87001038]
271,71.91836547853019,29.222686767626925,28.65451049804916,[377.1605835 -48.870121 ],[305.24221802 -48.87007523],[276.01953125 -48.87002182],[247.36502075 -48.87001038]
272,71.63012695313962,29.195861816455096,28.635055541994475,[378.86355591 -48.870121  ],[307.23342896 -48.87007523],[278.03756714 -48.87002182],[249.4025116  -48.87001038]
273,71.33319091798344,29.17135620122076,28.617950439455413,[380.55783081 -48.870121  ],[309.22463989 -48.87007523],[280.05328369 -48.87002182],[251.43533325 -48.87001038]
274,71.02804565429729,29.148803710986424,28.603256225588225,[382.24371338 -48.87008286],[311.21566772 -48.87007523],[282.06686401 -48.87002182],[253.46360779 -48.87001038]
275,70.71478271484416,29.12817382817396,28.590957641603854,[383.92144775 -48.87008286],[313.20666504 -48.87007523],[284.07849121 -48.87002182],[255.48753357 -48.87001038]
276,70.39376831054729,29.109313964892742,28.580963134767917,[385.59136963 -48.87008286],[315.19760132 -48.87007523],[286.08828735 -48.87002182],[257.50732422 -48.87001038]
277,70.06524658203166,29.09204101567402,28.573120117193866,[387.25366211 -48.87008286],[317.18841553 -48.87007523],[288.09637451 -48.87002182],[259.52325439 -48.87000275]
278,69.72940063478326,29.076324462892877,28.56741333008449,[388.90866089 -48.87008286],[319.17926025 -48.87003326],[290.10293579 -48.87002182],[261.53552246 -48.87000275]
279,69.3865661621271,29.061981201174127,28.563659667975116,[390.55657959 -48.87008286],[321.17001343 -48.87003326],[292.10803223 -48.87002182],[263.54437256 -48.87000275]
280,69.03707885744254,29.048797607422877,28.561798095705417,[392.19772339 -48.87008286],[323.16064453 -48.87002945],[294.11184692 -48.87002182],[265.55004883 -48.87001038]
281,68.68093872072389,29.036804199219752,28.56167602541126,[393.83221436 -48.87008286],[325.15127563 -48.87002945],[296.11447144 -48.87002182],[267.55279541 -48.87005615]
282,68.31848144533338,29.025878906251002,28.56314086916126,[395.46035767 -48.87008286],[327.14187622 -48.87002945],[298.11599731 -48.87002182],[269.55285645 -48.87005615]
283,67.94979858400536,29.015991210938502,28.566009521515195,[397.08230591 -48.87008286],[329.13250732 -48.87002945],[300.11651611 -48.87002182],[271.55050659 -48.87006378]
284,67.5751953125211,29.006958007813502,28.57022094729644,[398.69830322 -48.87008286],[331.12310791 -48.87002945],[302.1161499  -48.87002182],[273.54592896 -48.87006378]
285,67.19503784181809,28.998626708985377,28.57556152346831,[400.30862427 -48.87008286],[333.11358643 -48.87002945],[304.11495972 -48.87002182],[275.53939819 -48.87006378]
286,66.80960083009947,28.990753173830385,28.582092285192907,[401.91342163 -48.87008286],[335.1038208  -48.87002945],[306.11306763 -48.87001801],[277.53097534 -48.87006378]
287,66.41891479494335,28.98358154297101,28.589477539099146,[403.51296997 -48.87008286],[337.09405518 -48.87002945],[308.11047363 -48.87001801],[279.52099609 -48.87006378]
288,66.02297973634973,28.976959228517885,28.59762573245851,[405.10726929 -48.87008286],[339.08428955 -48.87002945],[310.10733032 -48.87001801],[281.50970459 -48.87006378]
289,65.62197875978735,28.97088623047101,28.6064147949585,[406.69650269 -48.87008286],[341.07452393 -48.87002945],[312.1036377  -48.87001801],[283.4972229  -48.87006378]
290,65.21624755861562,28.965301513674135,28.615722656286614,[408.28100586 -48.87008286],[343.0647583  -48.87002945],[314.09945679 -48.87001801],[285.48373413 -48.87006378]
291,64.80590820314701,28.96014404297101,28.625396728552225,[409.86090088 -48.87008286],[345.05499268 -48.87002945],[316.09484863 -48.87001801],[287.4694519  -48.87006378]
292,64.39105224612268,28.955383300781502,28.635345459027317,[411.4362793  -48.87008286],[347.04522705 -48.87002182],[318.08984375 -48.87001801],[289.45449829 -48.8700676 ]
293,63.97186279299787,28.950988769531502,28.645507812542927,[413.00732422 -48.87008286],[349.03546143 -48.87002182],[320.08447266 -48.87001801],[291.43896484 -48.8700676 ]
294,63.54864501956056,28.946868896484627,28.65576171879291,[414.57434082 -48.87008286],[351.0256958  -48.87002182],[322.0788269  -48.87001801],[293.42306519 -48.8700676 ]
295,63.1211547851581,28.94302368168311,28.66610717777727,[416.13708496 -48.87008286],[353.01593018 -48.8700676 ],[324.07290649 -48.87001801],[295.40679932 -48.8700676 ]
296,62.68997192382917,28.939422607471155,28.67633056644913,[417.69613647 -48.87008286],[355.00616455 -48.87007141],[326.06674194 -48.87001801],[297.39041138 -48.8700676 ]
297,62.25500488281297,28.936065673884702,28.68649291992416,[419.25140381 -48.87008286],[356.99639893 -48.87007523],[328.06033325 -48.87001801],[299.37384033 -48.87002945]
298,61.81640625000047,28.93292236333783,28.696472167969002,[420.80303955 -48.87008286],[358.9866333  -48.87007523],[330.05371094 -48.87001801],[301.35723877 -48.87002182]
299,61.3742980957036,28.929809570369088,28.706298828125,[422.35116577 -48.87008286],[360.97686768 -48.87007523],[332.04705811 -48.87001801],[303.34075928 -48.87001801]
300,60.928894042969226,28.92703247075972,28.715667724609375,[423.89599609 -48.87008286],[362.96710205 -48.87007523],[334.04006958 -48.87001801],[305.32440186 -48.87001801]
301,60.48022460937548,28.924285888728473,28.724822998046875,[425.43756104 -48.87008286],[364.95733643 -48.87007523],[336.03305054 -48.87001801],[307.30822754 -48.87001801]
302,60.02883911132922,28.92117309577583,28.733734130859375,[426.97601318 -48.87007141],[366.94717407 -48.87008286],[338.02600098 -48.87001801],[309.29226685 -48.87001801]
303,59.574432373047976,28.918395996166463,28.7420654296875,[428.51144409 -48.87007141],[368.93701172 -48.87008286],[340.01861572 -48.87001801],[311.27655029 -48.87001801]
304,59.11709594726673,28.915679931713345,28.75006103515625,[430.04397583 -48.87007141],[370.92687988 -48.87008286],[342.01119995 -48.87001801],[313.26113892 -48.87001801]
305,58.656982421876116,28.912933349682103,28.757781982421875,[431.57369995 -48.87007141],[372.91671753 -48.87008286],[344.00378418 -48.87001801],[315.2460022  -48.87001801]
306,58.19421386718862,28.91018676765086,28.76519775390625,[433.10076904 -48.87007141],[374.90655518 -48.87008286],[345.99636841 -48.87001801],[317.23117065 -48.87001801]
307,57.728881835950105,28.907806396488404,28.7718505859375,[434.62527466 -48.87007141],[376.89639282 -48.87003326],[347.98858643 -48.87001801],[319.21673584 -48.87001801]
308,57.26095581054891,28.905456542971017,28.7781982421875,[436.14718628 -48.87004471],[378.88623047 -48.87002945],[349.98077393 -48.87001801],[321.20257568 -48.87001801]
309,56.790557861332736,28.903137207031502,28.784149169921875,[437.66665649 -48.87004471],[380.87609863 -48.87002182],[351.97296143 -48.87001801],[323.18881226 -48.87001801]
310,56.317932128910904,28.900787353515877,28.789794921875,[439.18386841 -48.87004471],[382.86593628 -48.87002182],[353.96514893 -48.87001801],[325.175354   -48.87001801]
311,55.843048095707815,28.898437500000252,28.79510498046875,[440.69882202 -48.87004471],[384.85577393 -48.87002182],[355.95733643 -48.87001801],[327.16223145 -48.87001801]
312,55.36596679687973,28.896362304687752,28.799835205078125,[442.21157837 -48.87004471],[386.84561157 -48.87002182],[357.94924927 -48.87001801],[329.14941406 -48.87001801]
313,54.8868713378954,28.894409179687752,28.80413818359375,[443.72232056 -48.87004471],[388.83544922 -48.87002182],[359.94104004 -48.87001801],[331.13690186 -48.87001801]
314,54.40570068359857,28.892486572265877,28.808074951171875,[445.23101807 -48.87004471],[390.82531738 -48.87002182],[361.93283081 -48.87001801],[333.12475586 -48.87001801]
315,53.922637939457985,28.890502929687752,28.811798095703125,[446.73779297 -48.87004471],[392.81515503 -48.87002182],[363.9246521  -48.87001801],[335.112854   -48.87001801]
316,53.43768310547365,28.888549804687752,28.8153076171875,[448.24267578 -48.87004471],[394.80499268 -48.87002182],[365.91644287 -48.87001801],[337.10113525 -48.87001801]
317,52.948059082036195,28.889526367187752,28.818450927734375,[449.74581909 -48.87004471],[396.79776001 -48.87002182],[367.90823364 -48.87001801],[339.08978271 -48.87001801]
318,52.434631347661245,28.912261962890877,28.821685791015625,[451.24719238 -48.87004471],[398.81256104 -48.87002182],[369.90029907 -48.87001801],[341.07861328 -48.87001801]
319,51.87951660156755,28.971710205078377,28.827911376953125,[452.74685669 -48.87004471],[400.86734009 -48.87002182],[371.89562988 -48.87001801],[343.06771851 -48.87001801]
320,51.273468017583234,29.071197509765874,28.8427734375,[454.24499512 -48.87004471],[402.9715271  -48.87002182],[373.90032959 -48.87001801],[345.05755615 -48.87001801]
321,50.61163330078642,29.2129516601565,28.8675537109375,[455.74157715 -48.87004471],[405.12994385 -48.87002182],[375.91699219 -48.87001801],[347.04943848 -48.87001801]
322,49.8933715820365,29.414031982422124,28.88433837890625,[457.23669434 -48.87004471],[407.34332275 -48.87002182],[377.92929077 -48.87001801],[349.04495239 -48.87001801]
323,49.128082275395954,29.666564941406495,28.892059326171875,[458.7303772  -48.87004471],[409.60229492 -48.87002182],[379.93572998 -48.87001801],[351.04367065 -48.87001801]
324,48.32922363281792,29.947601318359617,28.902740478515625,[460.22268677 -48.87004471],[411.89346313 -48.87002182],[381.94586182 -48.87001801],[353.04312134 -48.87001801]
325,47.50576782227114,30.25085449218774,28.912933349609375,[461.71365356 -48.87004471],[414.20788574 -48.87002182],[383.95703125 -48.87001801],[355.0440979  -48.87001801]
326,46.66555786133374,30.572784423828363,28.91717529296875,[463.20339966 -48.87004471],[416.5378418  -48.87002182],[385.96505737 -48.87001801],[357.04788208 -48.87001801]
327,45.81817626953697,30.90060424804711,28.92022705078125,[464.69186401 -48.87004471],[418.87368774 -48.87002182],[387.9730835  -48.87001801],[359.05285645 -48.87001801]
328,44.97113037109958,31.22586059570336,28.9239501953125,[466.17919922 -48.87004471],[421.20806885 -48.87002182],[389.98220825 -48.87001801],[361.05825806 -48.87001801]
329,44.12991333008406,31.54522705078148,28.925048828125,[467.66540527 -48.87004471],[423.53549194 -48.87002182],[391.99026489 -48.87001801],[363.06521606 -48.87001801]
330,43.30001831055292,31.852844238281477,28.92437744140625,[469.15054321 -48.87004471],[425.8505249  -48.87002182],[393.99768066 -48.87001801],[365.07330322 -48.87001801]
331,42.48641967774054,32.14248657226585,28.92431640625,[470.63461304 -48.87004471],[428.14819336 -48.87002182],[396.00570679 -48.87001801],[367.08139038 -48.87001801]
332,41.69287109375628,32.4103698730471,28.9251708984375,[472.11773682 -48.87004471],[430.42486572 -48.87002182],[398.01449585 -48.87001801],[369.08932495 -48.87001801]
333,40.9223632812564,32.654937744140845,28.92413330078125,[473.599823   -48.87004471],[432.67745972 -48.87002182],[400.02252197 -48.87001801],[371.09838867 -48.87001801]
334,40.17779541016277,32.873321533203345,28.921539306640625,[475.08105469 -48.87004471],[434.90325928 -48.87002182],[402.02993774 -48.87001801],[373.10839844 -48.87001801]
335,39.46115112305351,33.06298828125022,28.91888427734375,[476.56137085 -48.87004471],[437.10021973 -48.87002182],[404.03723145 -48.87001801],[375.11834717 -48.87001801]
336,38.77389526367863,33.22290039062522,28.915374755859375,[478.040802   -48.87004471],[439.26690674 -48.87002182],[406.04400635 -48.87001801],[377.12863159 -48.87001801]
337,38.117218017584996,33.352081298828345,28.9107666015625,[479.5194397  -48.87004471],[441.40222168 -48.87002182],[408.05014038 -48.87001801],[379.13937378 -48.87001801]
338,37.49191284180386,33.449432373047095,28.906036376953125,[480.99728394 -48.87004471],[443.50537109 -48.87002182],[410.05593872 -48.87001801],[381.14990234 -48.87001801]
339,36.89834594727529,33.5147705078125,28.90081787109375,[482.47439575 -48.87004471],[445.5760498  -48.87001801],[412.0612793  -48.87001801],[383.16046143 -48.87001801]
340,36.33657836915044,33.548065185546875,28.895111083984375,[483.95077515 -48.87004471],[447.61419678 -48.87001801],[414.06613159 -48.87001801],[385.17102051 -48.87001801]
341,35.80630493165058,33.549591064453125,28.889007568359375,[485.42642212 -48.87004471],[449.62011719 -48.87001801],[416.07052612 -48.87001801],[387.18151855 -48.87001801]
342,35.307250976563324,33.5168151855523,28.885894775390625,[486.90142822 -48.87004471],[451.59417725 -48.87003708],[418.07736206 -48.87001801],[389.19146729 -48.87001801]
343,34.838806152343956,33.4336853027483,28.90252685546875,[488.37585449 -48.87004471],[453.53704834 -48.87004852],[420.10336304 -48.87001801],[391.20083618 -48.87001801]
344,34.40005493164084,33.29760742188898,28.940826416015625,[489.84960938 -48.87004471],[455.44955444 -48.87004852],[422.15194702 -48.87001801],[393.21112061 -48.87001801]
345,33.99029541015646,33.125366210951555,28.9791259765625,[491.32281494 -48.87004471],[457.33251953 -48.87004852],[424.20715332 -48.87001801],[395.22802734 -48.87001801]
346,33.60830688476584,32.925384521498515,29.0091552734375,[492.79541016 -48.87004471],[459.18710327 -48.87004852],[426.26171875 -48.87001801],[397.25256348 -48.87001801]
347,33.253143310547095,32.696685791029864,29.036163330078125,[494.26751709 -48.87004471],[461.01437378 -48.87004852],[428.31768799 -48.87001801],[399.28152466 -48.87001801]
348,32.923553466797095,32.44729614259248,29.053253173828125,[495.73913574 -48.87004471],[462.81558228 -48.87004852],[430.36828613 -48.87001801],[401.31503296 -48.87001801]
349,32.61840820313593,32.18591308595197,29.052276611328125,[497.2102356  -48.87002182],[464.59182739 -48.87004852],[432.40591431 -48.87001801],[403.3536377  -48.87001801]
350,32.33645629883915,31.914825439467716,29.035736083984375,[498.68084717 -48.87002182],[466.34439087 -48.87004852],[434.42956543 -48.87001801],[405.39382935 -48.87001801]
351,32.07629394532361,31.63787841798347,29.00347900390625,[500.15100098 -48.87002182],[468.07470703 -48.87004852],[436.43682861 -48.87001801],[407.43334961 -48.87001801]
352,31.836791992198698,31.360565185561725,28.953216552734375,[501.62075806 -48.87002182],[469.78396606 -48.87004852],[438.42340088 -48.87001801],[409.47018433 -48.87001801]
353,31.6167297363394,31.08605957032748,28.88629150390625,[503.09011841 -48.87002182],[471.47338867 -48.87004852],[440.3873291  -48.87001801],[411.5010376  -48.87001801]
354,31.414733886730097,30.816436767593235,28.8048095703125,[504.55905151 -48.87002182],[473.14431763 -48.87004852],[442.32788086 -48.87001801],[413.52307129 -48.87001801]
355,31.22964477540204,30.55480957032774,28.70928955078125,[506.02764893 -48.87002182],[474.79800415 -48.87004852],[444.24319458 -48.87001801],[415.53390503 -48.87001801]
356,31.060394287120854,30.303344726577865,28.60125732421875,[507.49588013 -48.87002182],[476.43548584 -48.87004852],[446.13214111 -48.87001801],[417.53088379 -48.87001801]
357,30.90579223633966,30.06347656251549,28.483123779296875,[508.96377563 -48.87002182],[478.0579834  -48.87004852],[447.99450684 -48.87001801],[419.51138306 -48.87001801]
358,30.76470947266784,29.836578369156232,28.356964111328125,[510.43136597 -48.87002182],[479.66665649 -48.87004852],[449.83007812 -48.87001801],[421.47311401 -48.87001801]
359,30.635894775402264,29.624114990250096,28.224517822265884,[511.89859009 -48.87002182],[481.26269531 -48.87004852],[451.63858032 -48.87001801],[423.4140625  -48.87001419]
360,30.518646240246056,29.4264831543127,28.088104248047134,[513.36553955 -48.87002182],[482.84689331 -48.87004852],[453.42041016 -48.87001801],[425.33230591 -48.87001419]
361,30.41201782227735,29.24404907228578,27.950042724609375,[514.83227539 -48.87002182],[484.42025757 -48.87004852],[455.1762085  -48.87001419],[427.22616577 -48.87001419]
362,30.31481933594926,29.077423095723393,27.812103271484375,[516.29864502 -48.87002182],[485.98382568 -48.87004852],[456.90640259 -48.87001419],[429.09429932 -48.87001419]
363,30.22640991212117,28.926452636739125,27.676147460944073,[517.76477051 -48.87002182],[487.5383606  -48.87004852],[458.61190796 -48.87001419],[430.9357605  -48.87003326]
364,30.145965576183702,28.79119873048922,27.543487548837636,[519.23083496 -48.87002182],[489.08486938 -48.87004852],[460.29367065 -48.87001419],[432.75018311 -48.87003708]
365,30.072631835949355,28.671020507833056,27.416503906259553,[520.69641113 -48.87002182],[490.6237793  -48.87004852],[461.95275879 -48.87001419],[434.53625488 -48.87003708]
366,30.006072998058755,28.56549072267688,27.296875000009596,[522.1619873  -48.87002182],[492.15591431 -48.87004852],[463.59042358 -48.87001419],[436.29354858 -48.87003708]
367,29.94509887696503,28.474304199239448,27.185424804697135,[523.62719727 -48.87002182],[493.68209839 -48.87004852],[465.20779419 -48.87001419],[438.02236938 -48.87003708]
368,29.889587402355676,28.39675903320543,27.083221435546875,[525.09234619 -48.87002182],[495.20275879 -48.87004852],[466.80599976 -48.87003708],[439.72277832 -48.87003708]
369,29.838653564465073,28.332183837892938,26.991363525390625,[526.55718994 -48.87002182],[496.71853638 -48.87004852],[468.38635254 -48.87003708],[441.39498901 -48.87003708]
370,29.792114257828132,28.279693603519743,26.9105224609375,[528.02203369 -48.87002182],[498.22991943 -48.87005234],[469.95022583 -48.87003708],[443.03970337 -48.87003708]
371,29.74740600587503,28.23840332031662,26.841094970703125,[529.48474121 -48.87002182],[499.73733521 -48.87005234],[471.49893188 -48.87003708],[444.65783691 -48.87003708]
372,29.697601318375057,28.207427978519753,26.7835693359375,[530.93865967 -48.87002182],[501.24105835 -48.87005234],[473.03363037 -48.87003708],[446.25006104 -48.87003708]
373,29.639556884781335,28.184692382816632,26.738067626953125,[532.37982178 -48.87002182],[502.74026489 -48.87005234],[474.55557251 -48.87003708],[447.81750488 -48.87003708]
374,29.57327270509387,28.167694091801007,26.704833984375,[533.8067627  -48.87002182],[504.23348999 -48.87005234],[476.0657959  -48.87003708],[449.36096191 -48.87003708]
375,29.49978637696891,28.154296875004135,26.683197021484375,[535.21917725 -48.87002182],[505.71939087 -48.87005234],[477.56509399 -48.87003708],[450.88189697 -48.87003708]
376,29.419952392593952,28.143249511722885,26.671905517578125,[536.61712646 -48.87002182],[507.19717407 -48.87005234],[479.05392456 -48.87003708],[452.38201904 -48.87003708]
377,29.335266113297124,28.13278198242291,26.670196533204216,[538.00073242 -48.87002182],[508.66546631 -48.87005234],[480.53268433 -48.87004471],[453.86248779 -48.87003708]
378,29.2472839355628,28.121643066407284,26.67706298828234,[539.3704834  -48.87002182],[510.12319946 -48.87005234],[482.0015564  -48.87004471],[455.32449341 -48.87003708]
379,29.157135009781594,28.10891723632916,26.691192626954216,[540.7265625  -48.87002182],[511.56942749 -48.87005234],[483.46051025 -48.87004471],[456.76931763 -48.87003708]
380,29.065734863297273,28.094207763672912,26.71160888671984,[542.06939697 -48.87002182],[513.00366211 -48.87005234],[484.90945435 -48.87004471],[458.19784546 -48.87003708]
381,28.97430419923909,28.076843261719787,26.736877441407337,[543.39935303 -48.87001801],[514.42504883 -48.87005234],[486.34820557 -48.87004471],[459.61132812 -48.87003708]
382,28.883850097676653,28.056579589844787,26.766021728516712,[544.71685791 -48.87001801],[515.83300781 -48.87005234],[487.77642822 -48.87004471],[461.01040649 -48.87003708]
383,28.794982910181517,28.033355712891662,26.797943115235462,[546.02215576 -48.87001419],[517.22717285 -48.87005234],[489.19381714 -48.87004471],[462.39587402 -48.87003708]
384,28.708496093807025,28.007293701172912,26.83132934570421,[547.31567383 -48.86999512],[518.60717773 -48.87005234],[490.59988403 -48.87004471],[463.76855469 -48.87003708]
385,28.62481689460471,27.97851562500104,26.865295410157334,[548.59753418 -48.86998749],[519.97271729 -48.87005234],[491.99420166 -48.87004471],[465.12890625 -48.87003708]
386,28.544250488363836,27.94702148437604,26.89932250976671,[549.86785889 -48.86998367],[521.3236084  -48.87005234],[493.37658691 -48.87004471],[466.4772644  -48.87003708]
387,28.46728515633281,27.91345214843854,26.932220458985455,[551.12713623 -48.86998367],[522.65985107 -48.87005234],[494.74639893 -48.87004471],[467.81417847 -48.87003708]
388,28.394287109458023,27.877990722657294,26.963592529297955,[552.37554932 -48.86998367],[523.98126221 -48.87005234],[496.10327148 -48.87004471],[469.13967896 -48.87003708]
389,28.32550048837398,27.841064453126044,26.992797851563576,[553.61340332 -48.86997986],[525.28790283 -48.87005234],[497.44683838 -48.87004471],[470.45404053 -48.87003708]
390,28.261169433696733,27.803100585939855,27.019500732421875,[554.84094238 -48.86997986],[526.57977295 -48.87005615],[498.77667236 -48.87004471],[471.75717163 -48.87004471]
391,28.201171875124874,27.764739990240926,27.043243408203125,[556.05841064 -48.86997986],[527.85723877 -48.87006378],[500.09249878 -48.87004471],[473.04925537 -48.87004471]
392,28.145690918082753,27.726318359377363,27.06417846679795,[557.26611328 -48.86997604],[529.12042236 -48.87005615],[501.394104   -48.87004471],[474.32992554 -48.87003708]
393,28.09490966808296,27.68823242188157,27.082305908203125,[558.46429443 -48.86997604],[530.36938477 -48.87005615],[502.68115234 -48.87003708],[475.59884644 -48.87003708]
394,28.04870605479126,27.65075683594408,27.09759521484375,[559.65313721 -48.86997986],[531.60443115 -48.87005615],[503.95367432 -48.87003708],[476.8560791  -48.87003708]
395,28.007080078183453,27.614349365236745,27.109802246094823,[560.83282471 -48.86999893],[532.82574463 -48.87005615],[505.21139526 -48.87004471],[478.10159302 -48.87003708]
396,27.969970703175985,27.579589843752373,27.119171142579198,[562.00372314 -48.87000275],[534.03375244 -48.87005615],[506.4541626  -48.87004471],[479.33499146 -48.87003708]
397,27.937194824269795,27.546630859377377,27.125946044922948,[563.16589355 -48.87000275],[535.22869873 -48.87005615],[507.68206787 -48.87004471],[480.55612183 -48.87003708]
398,27.90863037114485,27.51586914062738,27.130279541015625,[564.31958008 -48.87000275],[536.41094971 -48.87005615],[508.89508057 -48.87004471],[481.76480103 -48.87004471]
399,27.884094238332395,27.487731933596134,27.132476806640625,[565.46502686 -48.87000275],[537.58093262 -48.87005615],[510.09320068 -48.87004471],[482.96072388 -48.87004471]
400,27.863586425840005,27.46224975586176,27.132965087890625,[566.60253906 -48.86999893],[538.73895264 -48.87005615],[511.27670288 -48.87004471],[484.14373779 -48.87004471]
401,27.846618652394962,27.439697265627387,27.131988525390625,[567.73193359 -48.87000275],[539.88531494 -48.87005615],[512.44561768 -48.87004471],[485.31362915 -48.87004471]
402,27.833312988318895,27.420349121096137,27.1298828125,[568.8538208  -48.87001038],[541.02050781 -48.87005615],[513.60015869 -48.87004471],[486.47027588 -48.87004471]
403,27.82318115238141,27.40423583984614,27.126953125,[569.96807861 -48.87001038],[542.14489746 -48.87005615],[514.74066162 -48.87004471],[487.6137085  -48.87004471]
404,27.816223144568916,27.39147949218989,27.12371826171875,[571.07501221 -48.87001038],[543.25878906 -48.87005615],[515.86730957 -48.87004471],[488.74359131 -48.87004471]
405,27.812072753957526,27.38214111328364,27.1207275390625,[572.17474365 -48.87000275],[544.3626709  -48.87005615],[516.98052979 -48.87004471],[489.85980225 -48.87004471]
406,27.810668945333692,27.37615966797114,27.118194580078125,[573.26751709 -48.87002182],[545.45684814 -48.87005615],[518.08068848 -48.87004471],[490.9624939  -48.87004471]
407,27.811584472669068,27.37371826172114,27.116424560546875,[574.35339355 -48.87002945],[546.54180908 -48.87005615],[519.16809082 -48.87004471],[492.05166626 -48.87004471]
408,27.814941406262818,27.37445068359614,27.11590576171875,[575.43261719 -48.87002945],[547.61767578 -48.87005615],[520.2432251  -48.87004471],[493.12731934 -48.87004471]
409,27.820251464864935,27.378479003910503,27.11688232421902,[576.50524902 -48.87002945],[548.68499756 -48.87006378],[521.30651855 -48.87004852],[494.18963623 -48.87004471]
410,27.827392578125263,27.385925292973003,27.119476318359645,[577.5715332  -48.87002945],[549.74414062 -48.87003326],[522.35821533 -48.87004852],[495.23873901 -48.87004471]
411,27.836181640625,27.39642333985039,27.12402343750027,[578.63153076 -48.87002945],[550.79534912 -48.87002945],[523.39892578 -48.87004852],[496.27490234 -48.87004471]
412,27.846557617188544,27.409790039075506,27.13082885742214,[579.68548584 -48.87002945],[551.83892822 -48.87002182],[524.42913818 -48.87004852],[497.29830933 -48.87004471]
413,27.85809326171875,27.425781250013,27.140136718750266,[580.7333374  -48.87002182],[552.87524414 -48.87002182],[525.44946289 -48.87004852],[498.30932617 -48.87004471]
414,27.8707275390625,27.444519042981742,27.15194702148464,[581.77539062 -48.87002182],[553.90466309 -48.87002182],[526.46014404 -48.87004852],[499.30819702 -48.87004471]
415,27.88458251953125,27.46551513673173,27.16635131835964,[582.81182861 -48.87002182],[554.92724609 -48.87002182],[527.46173096 -48.87004852],[500.29537964 -48.87004471]
416,27.89910888671875,27.48889160157547,27.18350219726589,[583.84265137 -48.87002182],[555.94354248 -48.87002182],[528.45465088 -48.87004852],[501.27114868 -48.87004471]
417,27.9144287109375,27.514099121106707,27.20333862304714,[584.86798096 -48.87002182],[556.95355225 -48.87002182],[529.43945312 -48.87004852],[502.2361145  -48.87004471]
418,27.930419921875,27.541015625012946,27.22604370117214,[585.88806152 -48.87002182],[557.9576416  -48.87002182],[530.41662598 -48.87004852],[503.19058228 -48.87004471]
419,27.94659423828125,27.569641113294182,27.251434326171875,[586.902771   -48.87002182],[558.95617676 -48.87002182],[531.38653564 -48.87004852],[504.13510132 -48.87004852]
420,27.96319580078125,27.599670410169168,27.279449462890625,[587.91247559 -48.87002182],[559.94927979 -48.87002182],[532.34960938 -48.87004852],[505.07015991 -48.87004852]
421,27.98199462890625,27.630859375016854,27.31008911132839,[588.91918945 -48.87002182],[560.93719482 -48.87002182],[533.30633545 -48.87005234],[505.99624634 -48.87004852]
422,28.01873779296901,27.6632690429698,27.34317016601802,[589.93902588 -48.87003326],[561.92028809 -48.87002945],[534.25701904 -48.87003708],[506.91384888 -48.87004852]
423,28.081420898441646,27.698120117196957,27.37860107422114,[590.98175049 -48.87002945],[562.90032959 -48.87001419],[535.20220947 -48.87003708],[507.8236084  -48.87004852]
424,28.15856933594396,27.738891601571943,27.416381835939887,[592.03985596 -48.87003326],[563.88128662 -48.87001419],[536.14239502 -48.87003708],[508.72601318 -48.87004852]
425,28.245727539071773,27.787536621103175,27.457031250002384,[593.11187744 -48.87003708],[564.8661499  -48.87001419],[537.07861328 -48.87003708],[509.62158203 -48.87004852]
426,28.34533691407174,27.84405517578125,27.50103759767768,[594.20147705 -48.87003708],[565.85614014 -48.87001419],[538.01208496 -48.87001419],[510.51104736 -48.87004852]
427,28.453552246102955,27.9093017578125,27.54925537112016,[595.30706787 -48.87003708],[566.85351562 -48.87001419],[538.94421387 -48.87001419],[511.3949585  -48.87005234]
428,28.5659179687663,27.9842529296875,27.60229492190136,[596.42669678 -48.87004471],[567.86077881 -48.87001419],[539.87652588 -48.87001419],[512.27423096 -48.87005234]
429,28.681457519547486,28.06866455078125,27.661132812526304,[597.56079102 -48.87004471],[568.8793335  -48.87001419],[540.81066895 -48.87001419],[513.14953613 -48.87005234]
430,28.798828125049518,28.16168212891271,27.72637939455749,[598.70910645 -48.87004852],[569.91027832 -48.86999512],[541.74859619 -48.87001419],[514.0222168  -48.87005234]
431,28.91528320317432,28.263000488287688,27.798522949219013,[599.8704834  -48.87004852],[570.9552002  -48.86999512],[542.69219971 -48.87001419],[514.89367676 -48.87001038]
432,29.029418945368896,28.372070312506413,27.87786865234401,[601.0446167  -48.87005234],[572.01519775 -48.86999512],[543.64312744 -48.87001419],[515.76525879 -48.87001038]
433,29.14044189458743,28.487304687501023,27.965087890625,[602.23120117 -48.87005234],[573.09075928 -48.86999512],[544.60345459 -48.87000275],[516.6383667  -48.87000275]
434,29.247009277407436,28.607727050782266,28.0601806640625,[603.42962646 -48.87005615],[574.18261719 -48.86999512],[545.57489014 -48.87000275],[517.51470947 -48.87000275]
435,29.34802246104683,28.73217773438741,28.1632080078125,[604.63934326 -48.87005615],[575.2913208  -48.86997604],[546.55914307 -48.87000275],[518.39593506 -48.87000275]
436,29.44293212901523,28.859130859387353,28.27398681640625,[605.85992432 -48.87005615],[576.41699219 -48.86997604],[547.55786133 -48.87000275],[519.28387451 -48.87000275]
437,29.53125000015399,28.987365722656502,28.392028808619376,[607.09106445 -48.87006378],[577.55981445 -48.86996841],[548.57244873 -48.8699646 ],[520.18041992 -48.87000275]
438,29.612487793122316,29.11547851562525,28.516845703150516,[608.33227539 -48.87006378],[578.7197876  -48.86996841],[549.60430908 -48.8699646 ],[521.08746338 -48.87000275]
439,29.686340332184432,29.242248535157245,28.64764404299948,[609.58319092 -48.87006378],[579.89685059 -48.86996841],[550.65460205 -48.86996078],[522.00695801 -48.87000275]
440,29.75299072282156,29.36627197265724,28.783447265655585,[610.84356689 -48.8700676 ],[581.09057617 -48.86996841],[551.7243042  -48.86996078],[522.94085693 -48.87000275]
441,29.812133789160125,29.486389160157238,28.92346191409294,[612.11279297 -48.87004471],[582.30065918 -48.86996841],[552.81427002 -48.86996078],[523.89080811 -48.87000275]
442,29.864013671953938,29.601684570313484,29.067077636761052,[613.39074707 -48.87003708],[583.5267334  -48.86996841],[553.92504883 -48.86996078],[524.85797119 -48.87001038]
443,29.90881347664132,29.71087646484473,29.212463378926426,[614.67700195 -48.87003708],[584.76818848 -48.86996841],[555.05731201 -48.86996078],[525.84484863 -48.86999512]
444,29.946533203222184,29.813537597657227,29.357727050801326,[615.97113037 -48.87004471],[586.02459717 -48.86996841],[556.21105957 -48.86996078],[526.85333252 -48.86999512]
445,29.977539062562133,29.908874511719723,29.502136230488727,[617.27301025 -48.87002945],[587.29547119 -48.86996841],[557.38659668 -48.86996078],[527.88446045 -48.86999512]
446,30.00207519536003,29.99664306640722,29.64416503908238,[618.58227539 -48.87002182],[588.5802002  -48.86996841],[558.58355713 -48.86996078],[528.93939209 -48.86999512]
447,30.020568847703753,30.076416015625966,29.78216552736354,[619.89868164 -48.87002182],[589.87811279 -48.86996841],[559.80169678 -48.86996078],[530.01953125 -48.86999512]
448,30.033203125047482,30.147766113282216,29.91534423828733,[621.22180176 -48.87002182],[591.18859863 -48.86996841],[561.04083252 -48.86996078],[531.12548828 -48.86997986]
449,30.04071044926622,30.210510253907213,30.042419433599804,[622.55157471 -48.87002182],[592.51086426 -48.86996841],[562.300354   -48.86996078],[532.25793457 -48.86997986]
450,30.0430908203745,30.264709472657213,30.16235351563103,[623.88763428 -48.87002945],[593.84454346 -48.86996841],[563.57983398 -48.86996078],[533.41748047 -48.86997986]
451,30.040954589878627,30.31030273437596,30.274658203125963,[625.2298584  -48.87001419],[595.18890381 -48.86996841],[564.87860107 -48.86996078],[534.60394287 -48.86995316]
452,30.034423828154313,30.34741210937596,30.379028320314656,[626.57781982 -48.87001038],[596.543396   -48.86996841],[566.19598389 -48.86996078],[535.81695557 -48.86994934]
453,30.024230957060574,30.37603759765721,30.47436523437715,[627.93145752 -48.87001038],[597.90722656 -48.86996841],[567.53118896 -48.86996078],[537.05682373 -48.86994934]
454,30.010498046904335,30.39654541015721,30.560180664064642,[629.29046631 -48.87001038],[599.27996826 -48.86996841],[568.88342285 -48.86996078],[538.32324219 -48.86994934]
455,29.993713378935603,30.409179687500956,30.63616943359589,[630.65466309 -48.87001038],[600.66094971 -48.86996841],[570.25177002 -48.86996078],[539.61560059 -48.86994934]
456,29.97418212893562,30.414428710938456,30.70202636718963,[632.02380371 -48.87001038],[602.04962158 -48.86996841],[571.63519287 -48.86996078],[540.9331665  -48.86994934]
457,29.95245361331623,30.412475585938456,30.757507324220878,[633.39776611 -48.87001419],[603.4453125  -48.86996841],[573.03283691 -48.86996078],[542.27532959 -48.86994934]
458,29.92864990237876,30.403930664063456,30.802673339845875,[634.77630615 -48.87001419],[604.84765625 -48.86996841],[574.44372559 -48.86996078],[543.64105225 -48.86994934]
459,29.903259277378787,30.38903808593846,30.837463378908375,[636.15930176 -48.87001419],[606.25604248 -48.86996841],[575.86700439 -48.86996078],[545.02954102 -48.86994934]
460,29.876403808613475,30.36853027343846,30.86187744140837,[637.54656982 -48.87000275],[607.67016602 -48.86996841],[577.30163574 -48.86996078],[546.4397583  -48.86994934]
461,29.848266601582246,30.34289550781346,30.87603759765837,[638.93780518 -48.87000275],[609.08953857 -48.86996841],[578.74664307 -48.86996078],[547.87060547 -48.86994934]
462,29.819213867207264,30.31237792968846,30.88043212890837,[640.33288574 -48.87000275],[610.51367188 -48.86996841],[580.20129395 -48.86996078],[549.32086182 -48.86994934]
463,29.789672851582285,30.277770996094713,30.87518310547087,[641.73193359 -48.87000275],[611.94226074 -48.86996841],[581.66448975 -48.86996078],[550.78930664 -48.86994934]
464,29.759765625019803,30.239440917969713,30.86010742187712,[643.13464355 -48.87000275],[613.37487793 -48.86996841],[583.13543701 -48.86996078],[552.27532959 -48.86994934]
465,29.729675292988574,30.197814941407213,30.835937500002125,[644.54083252 -48.87000275],[614.81115723 -48.86996841],[584.61334229 -48.86996078],[553.77740479 -48.86994934]
466,29.699584960962,30.15362548828149,30.803894042970875,[645.95043945 -48.87000275],[616.25085449 -48.8699646 ],[586.097229   -48.86996078],[555.29333496 -48.86994934]
467,29.669616699254064,30.10705566406274,30.764648437502128,[647.36322021 -48.87001038],[617.69360352 -48.8699646 ],[587.58654785 -48.86996078],[556.82189941 -48.86994934]
468,29.63989257816035,30.05877685546899,30.71838378906463,[648.77911377 -48.87001038],[619.13922119 -48.8699646 ],[589.08044434 -48.86996078],[558.36206055 -48.86994934]
469,29.610717773472885,30.00909423828149,30.666015625002135,[650.19805908 -48.87001038],[620.58734131 -48.8699646 ],[590.57824707 -48.86996078],[559.91223145 -48.86994934]
470,29.581848144540103,29.95861816406274,30.60833740234589,[651.61987305 -48.86998749],[622.0380249 -48.8699646],[592.07940674 -48.86996078],[561.47106934 -48.86994934]
471,29.553588867196364,29.90753173828149,30.545837402347562,[653.04437256 -48.86998749],[623.49078369 -48.8699646 ],[593.58325195 -48.86996078],[563.03741455 -48.86994553]
472,29.52618408204012,29.856201171875245,30.47918701172257,[654.47161865 -48.86998749],[624.94543457 -48.8699646 ],[595.0892334  -48.86996078],[564.61004639 -48.86994553]
473,29.49945068360263,29.805175781252196,30.409118652344706,[655.90148926 -48.86998749],[626.40203857 -48.8699646 ],[596.59686279 -48.86995316],[566.18774414 -48.86994553]
474,29.47338867188389,29.75457763672095,30.33624267578221,[657.3336792  -48.86998749],[627.86029053 -48.8699646 ],[598.10571289 -48.86995316],[567.76947021 -48.86994553]
475,29.448181152352646,29.704711914064706,30.261108398438463,[658.76824951 -48.86998749],[629.32006836 -48.8699646 ],[599.61535645 -48.86995316],[569.35424805 -48.86994553]
476,29.423889160165153,29.65563964843971,30.184570312500963,[660.20507812 -48.86998749],[630.78118896 -48.8699646 ],[601.12554932 -48.86995316],[570.940979   -48.86994553]
