,point.objects.object0.color[0],point.objects.object0.color[1],point.objects.object0.color[2],point.objects.object1.color[0],point.objects.object1.color[1],point.objects.object1.color[2],point.objects.object1.heading,point.objects.object1.position[0],point.objects.object1.position[1],point.objects.object1.velocity[0],point.objects.object1.velocity[1],point.objects.object2.color[0],point.objects.object2.color[1],point.objects.object2.color[2],point.objects.object2.heading,point.objects.object2.position[0],point.objects.object2.position[1],point.objects.object2.velocity[0],point.objects.object2.velocity[1],point.objects.object3.color[0],point.objects.object3.color[1],point.objects.object3.color[2],point.objects.object3.heading,point.objects.object3.position[0],point.objects.object3.position[1],point.objects.object3.velocity[0],point.objects.object3.velocity[1],point.params.inter_vehicle_distance,point.params.random_t1,point.params.random_t2,point.params.random_t3,point.params.random_t4,point.params.random_thr_br1,point.params.random_thr_br2,point.params.weather,rho,rho_0,rho_1
0,0.6418330154537204,0.6418330154537204,0.6418330154537204,0.23048100869157295,0.7230291228006296,0.7168401972453917,-1.5703924403491738,-109.9988310277742,-48.87,0.0,0.0,0.8375590602872358,0.7821958412073933,0.7735851551821258,-1.5703924403491738,-119.9976620555484,-48.87,0.0,0.0,0.15055774216971812,0.15055774216971812,0.15055774216971812,-1.5703924403491738,-129.9964930833226,-48.87,0.0,0.0,9.998831027774205,19.15775534184482,23.87505773995833,36.52350541244029,46.82650495763929,0.40896584603750713,0.09418554346413197,10,-0.17056272097537484,-1.0757751466568202,0.34017944336073747
1,0.5733163849633802,0.5297759803702684,0.37506893859159596,0.22673591063610507,0.18252243282056502,0.16155750985216552,-1.5703924403491738,-110.67606522629266,-48.87,0.0,0.0,0.5996600820066252,0.5996600820066252,0.5996600820066252,-1.5703924403491738,-121.35213045258533,-48.87,0.0,0.0,0.5225681054573411,0.5188647790362456,0.5188647790362456,-1.5703924403491738,-132.028195678878,-48.87,0.0,0.0,10.676065226292668,18.45467251103428,23.6687020316154,37.70235992573012,46.771215049999256,0.40761096357355314,0.014945954230156922,12,-0.24719238268849875,-0.9950866729560088,0.59716796875
2,0.7157985229975183,0.8414780153309196,0.6132919261769261,0.9504333672339248,0.948249195743499,0.948249195743499,-1.5703924403491738,-110.27899847535953,-48.87,0.0,0.0,0.22898449604722376,0.33356694203927995,0.4553452879185605,-1.5703924403491738,-120.55799695071906,-48.87,0.0,0.0,0.8085693524364876,0.8085693524364876,0.8085693524364876,-1.5703924403491738,-130.8369954260786,-48.87,0.0,0.0,10.278998475359531,18.757442616751703,23.064748477213953,36.697019682769486,47.30605481312466,0.41061109772999893,0.045661983289693175,4,-0.2255248955028364,-0.86273193359375,-0.13256835162582803
3,0.8713866277608485,0.8472938221787432,0.8305993210021089,1.0,1.0,1.0,-1.5703924403491738,-109.6836977768964,-48.87,0.0,0.0,0.2170639315624826,0.13746793066141488,0.13746793066141488,-1.5703924403491738,-119.36739555379279,-48.87,0.0,0.0,0.7159229352030643,0.5415603305461218,0.22797140139812977,-1.5703924403491738,-129.05109333068918,-48.87,0.0,0.0,9.683697776896395,18.1741359053156,23.970196010663646,36.59281671360688,47.89488022756461,0.44752441296531026,0.04145899536498867,11,-0.25088348382200465,-0.21908569854684234,-0.2216796419270537
4,0.8094983849289475,0.6302589106674719,0.5761184841688535,0.9040399721563972,0.8180349194510177,0.8082603828738022,-1.5703924403491738,-109.14797496878612,-48.87,0.0,0.0,0.8567414639140829,0.3434532477870935,0.3434532477870935,-1.5703924403491738,-118.29594993757223,-48.87,0.0,0.0,0.7163076895528231,0.8493409844761125,0.5780030422797579,-1.5703924403491738,-127.44392490635835,-48.87,0.0,0.0,9.147974968786112,19.045849550755978,23.41491642902689,37.33863810353077,47.56119855011269,0.5829622968920847,0.19147739470799446,1,-0.15100097512051303,-1.111938476581547,0.5448913582419941
5,0.3407435664871302,0.3407435664871302,0.3407435664871302,0.08350685547126258,0.08350685547126258,0.08350685547126258,-1.5703924403491738,-109.70448609851337,-48.87,0.0,0.0,0.6815570957457439,0.6759925695288024,0.6716658110313872,-1.5703924403491738,-119.40897219702674,-48.87,0.0,0.0,0.8432327994829667,0.7743352897242162,0.46014935609233953,-1.5703924403491738,-129.1134582955401,-48.87,0.0,0.0,9.704486098513375,18.211654388858925,23.20762715981625,37.26743229824601,46.92055190416169,0.42036880437651847,0.09870462010986965,1,-0.2503356895296527,-0.8298034670414953,-0.03173822948915106
6,0.38548771398398923,0.3699033721614299,0.3020192367314258,0.8008594752330692,0.7758514666962204,0.7511615877929773,-1.5703924403491738,-110.09010294291052,-48.87,0.0,0.0,0.8351341849506217,0.8239947969450637,0.8187222531328435,-1.5703924403491738,-120.18020588582104,-48.87,0.0,0.0,0.709249590309344,0.7086746625129094,0.7076999562796805,-1.5703924403491738,-130.27030882873157,-48.87,0.0,0.0,10.090102942910521,18.672487290133056,23.545666383715513,37.265586659083205,47.57346750579899,0.4052844869891361,0.0849408952358219,7,-0.01177978515625,-1.064941407478467,0.3702392578246938
7,0.6634874027190557,0.5293823008285307,0.5293823008285307,1.0,1.0,1.0,-1.5703924403491738,-109.8570960421398,-48.87,0.0,0.0,0.4833529083285679,0.6041615442754247,0.585801428557777,-1.5703924403491738,-119.7141920842796,-48.87,0.0,0.0,0.6951017912607957,0.6587542979253944,0.6587542979253944,-1.5703924403491738,-129.5712881264194,-48.87,0.0,0.0,9.857096042139798,18.871192155312706,23.480234925656305,37.019506571932126,47.055432550615095,0.5019023527841376,0.006383981588659759,7,-0.2016601314061388,-0.15365600758883602,-0.23870739719660872
0,0.5876490044763437,0.29104988143106325,0.29104988143106325,0.8612633266244185,0.8612633266244185,0.8612633266244185,-1.5703924403491738,-110.5948229449526,-48.87,0.0,0.0,0.9094861861676076,0.9094861861676076,0.9094861861676076,-1.5703924403491738,-121.1896458899052,-48.87,0.0,0.0,0.1667138122287403,0.1667138122287403,0.1667138122287403,-1.5703924403491738,-131.7844688348578,-48.87,0.0,0.0,10.594822944952602,18.058718876740322,23.221944682526157,38.12565956583596,46.52523595414975,0.480720362419315,0.1328351274831749,7,0.668243408203125,-2.043060302735408,1.2489013672061295
1,0.5057376100881783,0.5382722260816722,0.42727360124066605,0.6837928561493744,0.6710303734361988,0.2612405272917194,-1.5703924403491738,-107.77889453216974,-48.87,0.0,0.0,0.0,0.0,0.0,-1.5703924403491738,-115.55778906433949,-48.87,0.0,0.0,0.8564441479187939,0.8564441479187939,0.8564441479187939,-1.5703924403491738,-123.33668359650923,-48.87,0.0,0.0,7.778894532169744,19.923926191052836,24.499033254568346,36.4799427903014,47.640410881194256,0.5906306486205847,0.04214997723119855,13,-0.2392565827967328,0.2407149304865266,-0.2393822733675819
2,0.22243955840197727,0.5158206382687494,0.22002355611930824,0.2826159321481654,0.40961368293934247,0.6367140357182194,-1.5703924403491738,-125.71876222303175,-48.87,0.0,0.0,0.8377405606190043,0.6794644610279902,0.5575896875880773,-1.5703924403491738,-151.4375244460635,-48.87,0.0,0.0,0.933264096755728,0.933264096755728,0.933264096755728,-1.5703924403491738,-177.15628666909524,-48.87,0.0,0.0,25.718762223031746,11.784509876256765,27.038658707215856,31.16931901782961,48.338445940516976,0.21451518216324122,0.5378778184000801,0,16.571395876023267,-17.89023209232307,17.323673249010994
3,0.13277912681917678,0.13277912681917678,0.13277912681917678,0.9527844132327582,0.9527844132327582,0.9527844132327582,-1.5703924403491738,-126.03659116907448,-48.87,0.0,0.0,0.4583354332428428,0.42754184985760085,0.39478226207163164,-1.5703924403491738,-152.07318233814897,-48.87,0.0,0.0,0.42104273740690323,0.6320666337165364,0.7055380972962679,-1.5703924403491738,-178.10977350722345,-48.87,0.0,0.0,26.03659116907449,11.873833675135627,27.678323629118776,31.285002855674385,49.028234977789694,0.2735642653739774,0.579552088057311,9,17.744208336676223,-18.714900974950982,18.253887176665113
4,0.4318001645525755,0.4168696648306728,0.4133479420274787,0.814507742221187,0.8125313201740089,0.7927522899092749,-1.5703924403491738,-114.7945267794159,-48.87,0.0,0.0,0.8356972156598295,0.8059814551735366,0.804292837882294,-1.5703924403491738,-129.5890535588318,-48.87,0.0,0.0,0.17711418015356115,0.16219253414836068,0.15506051122193568,-1.5703924403491738,-144.38358033824773,-48.87,0.0,0.0,14.794526779415909,14.315521540022743,26.196572660502937,39.96747909172015,44.54104421926809,0.9457602471316202,0.3330994465844585,8,9.648101806690297,-9.794517517089844,9.789489746176892
5,0.19418025199661348,0.7858649752997041,0.4159921774187979,0.9554571060534685,0.9554571060534685,0.9554571060534685,-1.5703924403491738,-121.24997847872507,-48.87,0.0,0.0,0.8952060628268002,0.84928553008895,0.8487587473266165,-1.5703924403491738,-142.49995695745014,-48.87,0.0,0.0,0.993422185712427,0.991226780611977,0.991226780611977,-1.5703924403491738,-163.7499354361752,-48.87,0.0,0.0,21.249978478725076,16.76275698708075,22.28865533670255,34.905990079837586,41.923786498274936,0.18703408035750382,0.6066378539188512,0,11.833557129062285,-13.13909912134445,12.54093170186092
6,0.915835464503596,0.915835464503596,0.915835464503596,0.7902396048536016,0.7918256250982624,0.5630631727808256,-1.5703924403491738,-116.26782490561176,-48.87,0.0,0.0,0.5114041517679817,0.7198154931414238,0.4168904917662726,-1.5703924403491738,-132.53564981122352,-48.87,0.0,0.0,0.7128043266465982,0.6883746157736559,0.6293198610956252,-1.5703924403491738,-148.80347471683527,-48.87,0.0,0.0,16.267824905611757,12.107930210667675,28.514757097189502,33.19390014623239,44.654567758962116,0.7119893439212701,0.8294587256157676,4,11.033966064489881,-11.267822265625,11.267135620278655
7,0.9852888304234341,0.9852888304234341,0.9852888304234341,0.684842157315894,0.27332500448758845,0.27332500448758845,-1.5703924403491738,-117.8100148441977,-48.87,0.0,0.0,0.8287389530262643,0.6879191623427044,0.6099419131323802,-1.5703924403491738,-135.6200296883954,-48.87,0.0,0.0,0.7867480322995242,0.7867480322995242,0.7867480322995242,-1.5703924403491738,-153.4300445325931,-48.87,0.0,0.0,17.81001484419769,17.53101090293878,29.69084512037094,33.07908558117698,44.78051393811031,0.9683853833601525,0.630739961924261,13,12.728668213212384,-12.810005187988281,12.808815002447943
8,1.0,1.0,1.0,0.8741861767248719,0.8741861767248719,0.8741861767248719,-1.5703924403491738,-115.73321388728402,-48.87,0.0,0.0,0.698484824457235,0.774285696001279,0.7035619604457544,-1.5703924403491738,-131.46642777456805,-48.87,0.0,0.0,0.11840836471905025,0.11840836471905025,0.11840836471905025,-1.5703924403491738,-147.19964166185207,-48.87,0.0,0.0,15.733213887284029,15.763562716651286,25.667845658969554,34.6957691892845,41.655051997752764,0.056756358033380125,0.8816209925314633,5,4.654853823887553,-6.416160593138386,5.74551577525637
9,0.8766060522247687,0.8766060522247687,0.8766060522247687,0.22496288718315152,0.22496288718315152,0.22496288718315152,-1.5703924403491738,-120.94898681169587,-48.87,0.0,0.0,0.8611768676823512,0.8253792681229162,0.8253792681229162,-1.5703924403491738,-141.89797362339175,-48.87,0.0,0.0,0.4716232782150437,0.3631076481680041,0.3631076481680041,-1.5703924403491738,-162.84696043508762,-48.87,0.0,0.0,20.948986811695875,12.916061111232274,21.940742584805623,38.66543746997962,43.84379015424029,0.7790970208707623,0.29984947403772483,13,10.431823730491853,-15.479736328147737,12.107727050785076
10,0.16068321520759327,0.15883162277005247,0.15589036058446765,0.9674534694504509,0.9638011322852384,0.9638011322852384,-1.5703924403491738,-115.46927409971528,-48.87,0.0,0.0,0.027059160653220588,0.027059160653220588,0.027059160653220588,-1.5703924403491738,-130.93854819943056,-48.87,0.0,0.0,0.8354853019728303,0.7793676843805306,0.7793676843805306,-1.5703924403491738,-146.40782229914583,-48.87,0.0,0.0,15.469274099715285,15.309467930405336,21.333855792172304,31.29256785478491,41.364118738125526,0.28676670008172855,0.5972024306787548,12,7.345535293597099,-8.221023560541099,7.807609558355999
11,1.0,1.0,1.0,0.6929340368173982,0.6929340368173982,0.6929340368173982,-1.5703924403491738,-122.30516283968544,-48.87,0.0,0.0,0.6192495331675867,0.6192495331675867,0.6192495331675867,-1.5703924403491738,-144.61032567937087,-48.87,0.0,0.0,1.0,1.0,1.0,-1.5703924403491738,-166.9154885190563,-48.87,0.0,0.0,22.30516283968544,10.389453514740367,25.72712207829065,34.01397011368784,44.70887377267491,0.6151414950722895,0.9520845473955537,13,15.45599365237932,-15.945831298878147,15.708923339844102
12,0.9745589106526921,0.9745589106526921,0.9745589106526921,0.5717695525862787,0.5717695525862787,0.5717695525862787,-1.5703924403491738,-126.74647895941769,-48.87,0.0,0.0,1.0,1.0,1.0,-1.5703924403491738,-153.49295791883537,-48.87,0.0,0.0,0.7958301913743627,0.7968682172800846,0.7821545999387797,-1.5703924403491738,-180.23943687825306,-48.87,0.0,0.0,26.746478959417683,17.75034936652289,28.39451632338833,36.12375980140077,48.35267925582755,0.17561264638303148,0.29372817315815036,3,17.254058838128973,-18.539108276790348,17.89217376725798
13,1.0,1.0,1.0,0.25056149143058953,0.2298604437914811,0.22637140064986716,-1.5703924403491738,-120.27732234443799,-48.87,0.0,0.0,0.7421505952729366,0.519745622532856,0.519745622532856,-1.5703924403491738,-140.55464468887598,-48.87,0.0,0.0,0.5928111480473744,0.5675519513058415,0.48278284708868713,-1.5703924403491738,-160.83196703331396,-48.87,0.0,0.0,20.277322344437987,13.260978266537737,26.970344733889288,39.34217250123586,43.16398200843377,0.8878777926130684,0.7255928294122145,2,13.578536988363663,-15.277320861816406,15.251724245463429
14,0.6613704554740566,0.6928841355197731,0.5903196870658679,0.1698443308372594,0.16963924703371347,0.15018821223702986,-1.5703924403491738,-122.35442321315642,-48.87,0.0,0.0,0.43237242511230145,0.43237242511230145,0.43237242511230145,-1.5703924403491738,-144.70884642631285,-48.87,0.0,0.0,0.06514022576716058,0.06514022576716058,0.06514022576716058,-1.5703924403491738,-167.06326963946927,-48.87,0.0,0.0,22.35442321315642,14.69862698656312,29.50494325238733,34.83877441552148,43.924886401942516,0.04626826241872206,0.32837728790560466,6,11.483448029804375,-12.95505524453364,12.343002319396351
15,0.5425204822071322,0.45931366824088504,0.45931366824088504,0.8567626381054902,0.8255665183631449,0.8255665183631449,-1.5703924403491738,-115.77780619432768,-48.87,0.0,0.0,0.8987365124655204,0.8750586862874281,0.8750586862874281,-1.5703924403491738,-131.55561238865536,-48.87,0.0,0.0,0.17975157825366544,0.17975157825366544,0.17975157825366544,-1.5703924403491738,-147.33341858298306,-48.87,0.0,0.0,15.777806194327686,11.863516191731295,21.068048983603607,39.16009046959127,49.405023075641395,0.8088052060035936,0.8468435209967018,0,10.770477295898125,-10.777809143066406,10.70271301278613
16,0.7602061058538296,0.7093118408799413,0.7091567973551598,0.39494461315335966,0.30183346643935194,0.27700151601035267,-1.5703924403491738,-128.60812345660213,-48.87,0.0,0.0,0.9612854802836361,0.9423233316935802,0.9423233316935802,-1.5703924403491738,-157.21624691320426,-48.87,0.0,0.0,0.5682991926418353,0.5213055681365875,0.5213055681365875,-1.5703924403491738,-185.8243703698064,-48.87,0.0,0.0,28.608123456602144,17.654029593998587,27.16696023196991,32.89876761399854,42.79435656584378,0.3005529517568266,0.7125837499297089,13,20.669731140299984,-21.470489502270876,21.09483337440515
17,0.6943428485410719,0.7167207880867179,0.5454660336636894,0.8292062719570109,0.7843890568389592,0.7787386261049073,-1.5703924403491738,-120.29734057562746,-48.87,0.0,0.0,1.0,1.0,1.0,-1.5703924403491738,-140.59468115125492,-48.87,0.0,0.0,0.43061457249379675,0.353951089889575,0.555529173453299,-1.5703924403491738,-160.89202172688238,-48.87,0.0,0.0,20.29734057562745,13.314782432852253,24.721914028954256,32.22615522438526,45.5418341050703,0.6843493910561088,0.5240206984006892,10,13.342712402358028,-15.297340393066406,15.043548583984375
18,1.0,1.0,1.0,0.04546153967637613,0.03290801250171309,0.03290801250171309,-1.5703924403491738,-113.17641808090825,-48.87,0.0,0.0,0.23258417800862116,0.21563024049791815,0.21563024049791815,-1.5703924403491738,-126.3528361618165,-48.87,0.0,0.0,0.9999999999999999,1.0,1.0,-1.5703924403491738,-139.52925424272473,-48.87,0.0,0.0,13.176418080908244,17.417217760726572,25.314486794835428,36.2944029195094,48.64651712736998,0.9316935179666597,0.4135617940063584,13,8.019073499240235,-8.176414489746094,8.172302246148988
19,0.9649366795533124,0.9649366795533124,0.9649366795533124,0.9949667604598287,0.9944773467569911,0.9937028627580153,-1.5703924403491738,-120.81956402450797,-48.87,0.0,0.0,0.6185709968184712,0.29897798522321284,0.20009169108969493,-1.5703924403491738,-141.63912804901594,-48.87,0.0,0.0,0.2617877116087005,0.2617877116087005,0.2617877116087005,-1.5703924403491738,-162.4586920735239,-48.87,0.0,0.0,20.819564024507965,10.438788949376013,27.330533750602875,33.3933503489276,45.5145741709986,0.2956603032265651,0.8359811497662666,2,12.814265013038838,-13.762048728276849,13.302990913439213
20,0.6998634825904448,0.5808644550052512,0.5713438941524027,0.7604558677696894,0.7601720774310777,0.7599207544662724,-1.5703924403491738,-117.97485296954267,-48.87,0.0,0.0,0.8336009091652663,0.8336009091652663,0.8336009091652663,-1.5703924403491738,-135.94970593908533,-48.87,0.0,0.0,0.9167208401987531,0.9104107064039844,0.6391275474653298,-1.5703924403491738,-153.924558908628,-48.87,0.0,0.0,17.97485296954266,14.77473910798675,22.7529402500682,31.135756464793747,41.54041034391922,0.18481507433952057,0.24246936392851381,1,8.523887636345446,-9.853935242973277,9.236953736480498
21,0.589482425219511,0.5888769151587003,0.5888769151587003,0.8665257506639431,0.8638770679529609,0.8539618836131876,-1.5703924403491738,-127.35389234268658,-48.87,0.0,0.0,0.20021820725236117,0.20021820725236117,0.20021820725236117,-1.5703924403491738,-154.70778468537316,-48.87,0.0,0.0,1.0,1.0,1.0,-1.5703924403491738,-182.06167702805973,-48.87,0.0,0.0,27.353892342686574,12.40518052984355,28.41901590874028,39.907706274560084,43.35930974265455,0.7323034972535265,0.7155386077095307,10,22.34255981445552,-22.3538818359375,22.20783996592728
22,0.32992019974165704,0.3161847963653037,0.31429203843484527,1.0,1.0,1.0,-1.5703924403491738,-116.84376599790116,-48.87,0.0,0.0,0.7403074152351306,0.6781116181369772,0.577985768202081,-1.5703924403491738,-133.68753199580232,-48.87,0.0,0.0,0.16852128616693507,0.16852128616693507,0.16852128616693507,-1.5703924403491738,-150.53129799370348,-48.87,0.0,0.0,16.84376599790115,14.612418496747217,25.395649015625786,32.370673971860754,49.99389316554584,0.3334974287642769,0.5815878485846683,1,9.312217713098308,-10.009475708201716,9.677223206139471
23,0.8367276586427059,0.8367276586427059,0.8367276586427059,0.7469772969563362,0.3607879970163399,0.3607879970163399,-1.5703924403491738,-126.5618767330931,-48.87,0.0,0.0,0.761454207904834,0.706733038098133,0.2778286979748553,-1.5703924403491738,-153.1237534661862,-48.87,0.0,0.0,1.0,1.0,1.0,-1.5703924403491738,-179.6856301992793,-48.87,0.0,0.0,26.561876733093104,11.276716912013205,29.524099222361976,33.319576323540176,41.09337640736586,0.7876658265815897,0.3030875675848844,11,21.55081176785874,-21.561874389648438,21.460708618253154
24,0.7390903132910425,0.855799477742712,0.20323332911847536,0.698560851868215,0.5878943152627283,0.4575675809364389,-1.5703924403491738,-112.65108851801334,-48.87,0.0,0.0,1.0,1.0,1.0,-1.5703924403491738,-125.30217703602668,-48.87,0.0,0.0,1.0,1.0,1.0,-1.5703924403491738,-137.95326555404,-48.87,0.0,0.0,12.651088518013335,16.862301460781595,27.19297708123258,39.605975231893524,45.189907840748674,0.039373799003266055,0.6015465968101638,11,0.9060898134690332,-3.1729736331338785,2.229164123732425
25,1.0,1.0,1.0,0.2793607686059462,0.254923887872653,0.254923887872653,-1.5703924403491738,-123.3289252021827,-48.87,0.0,0.0,0.8223222067570858,0.8223222067570858,0.8223222067570858,-1.5703924403491738,-146.6578504043654,-48.87,0.0,0.0,0.2991483907253335,0.2991483907253335,0.2991483907253335,-1.5703924403491738,-169.98677560654812,-48.87,0.0,0.0,23.328925202182706,12.996818695131727,21.437909082457264,34.759829989913705,43.067153632137625,0.9929650938833795,0.9655591490449564,12,18.312255859412765,-18.32892608642578,18.32717895548236
26,0.9253024639909926,0.9206248698076105,0.9145784484862838,0.7438724002763283,0.7106759798101355,0.7106759798101355,-1.5703924403491738,-124.23281388313518,-48.87,0.0,0.0,0.7702095766441887,0.7854516741030259,0.7266117036412812,-1.5703924403491738,-148.46562776627036,-48.87,0.0,0.0,0.5756615934394247,0.4869007271631898,0.4869007271631898,-1.5703924403491738,-172.69844164940554,-48.87,0.0,0.0,24.23281388313518,10.784279548174489,28.240519384349632,34.589426478522014,45.52760108336488,0.2195651211304172,0.28346789247579635,11,15.164902687072754,-16.476987840047386,15.90393829422591
27,0.9372476226680128,0.9278797777585023,0.9262575290869682,0.7318039853102569,0.28772006198186983,0.28772006198186983,-1.5703924403491738,-112.57929638938562,-48.87,0.0,0.0,0.8271570829010334,0.7897398889733039,0.7897398889733039,-1.5703924403491738,-125.15859277877124,-48.87,0.0,0.0,0.35678690205230135,0.2639887046581324,0.2639887046581324,-1.5703924403491738,-137.73788916815684,-48.87,0.0,0.0,12.579296389385615,12.362151380672962,26.543976081513513,39.639407445162384,44.38073491018427,0.9266943326044637,0.8512799336952892,4,7.481170654311448,-7.579292297363281,7.576141357569984
28,0.4852559550718118,0.43754166189010124,0.4260252012534021,0.8623101546437091,0.858306177855694,0.5383961976609333,-1.5703924403491738,-118.68526397793218,-48.87,0.0,0.0,0.21615041805945326,0.21456650710190353,0.21456650710190353,-1.5703924403491738,-137.37052795586436,-48.87,0.0,0.0,0.607648804724471,0.607648804724471,0.607648804724471,-1.5703924403491738,-156.05579193379654,-48.87,0.0,0.0,18.685263977932177,14.44801334896722,25.325759257943798,35.60612850343571,49.108959725895104,0.052441519943386306,0.5323707197299866,1,8.1449050909719,-9.343971252624524,8.755249023693516
29,0.2752624524097049,0.2752624524097049,0.2752624524097049,0.9085441236251587,0.9041011644538338,0.9032764673477066,-1.5703924403491738,-128.2816945873723,-48.87,0.0,0.0,0.9803273896686079,0.9803273896686079,0.9803273896686079,-1.5703924403491738,-156.5633891747446,-48.87,0.0,0.0,0.8009917575518514,0.6339909895225654,0.6339909895225654,-1.5703924403491738,-184.8450837621169,-48.87,0.0,0.0,28.28169458737231,16.34822477556564,21.128265287009587,31.453060666217198,41.500201211441656,0.6055094287346434,0.7513270501835768,11,22.056381225654782,-22.565505981497047,22.328140259012972
30,0.3905972687094318,0.34179135276980654,0.34179135276980654,0.7953332015756772,0.7756993305585718,0.7336269437190001,-1.5703924403491738,-111.294591780773,-48.87,0.0,0.0,0.2425381627136492,0.24669569962721372,0.20403905099168218,-1.5703924403491738,-122.58918356154601,-48.87,0.0,0.0,0.11803295740304147,0.11803295740304147,0.11803295740304147,-1.5703924403491738,-133.883775342319,-48.87,0.0,0.0,11.294591780773008,19.27581196396792,24.43481027348857,37.03066855171525,47.3425483503289,0.5178898043406001,0.012934311392522657,11,0.48675537115872825,-1.633697510012409,0.973083496124203
31,0.08098088759813975,0.08098088759813975,0.08098088759813975,0.7494541521833298,0.48148607359645806,0.22673939643015806,-1.5703924403491738,-108.43450175589926,-48.87,0.0,0.0,0.6828185755687957,0.6828185755687957,0.6828185755687957,-1.5703924403491738,-116.86900351179852,-48.87,0.0,0.0,0.6929359948319231,0.7472610069043685,0.3883331372395614,-1.5703924403491738,-125.30350526769779,-48.87,0.0,0.0,8.434501755899262,18.01725699507842,23.583679541706047,37.17750753410283,46.61087573715245,0.46298153836970474,0.15726534658288582,9,-0.23675514349919258,0.23629760472758665,-0.23730468669184823
32,0.8303763939694235,0.8145383453671832,0.8077988834125844,0.2448786156508676,0.18754942993685764,0.18754942993685764,-1.5703924403491738,-111.30068688691686,-48.87,0.0,0.0,1.0,1.0,1.0,-1.5703924403491738,-122.60137377383373,-48.87,0.0,0.0,0.7184336904568085,0.46709437397344866,0.3531912289392032,-1.5703924403491738,-133.9020606607506,-48.87,0.0,0.0,11.300686886916868,18.215353848999225,23.750129209964705,38.16024614451749,46.51035457881333,0.47392762342966976,0.15723402997843317,6,1.6654968262111725,-2.943115234529805,2.2091674805696764
33,0.9193584577397109,0.9070308277944901,0.9070308277944901,0.42487597541928446,0.6363517351031783,0.5955900486543858,-1.5703924403491738,-109.70899392999799,-48.87,0.0,0.0,0.9126000901006514,0.9126000901006514,0.9126000901006514,-1.5703924403491738,-119.41798785999597,-48.87,0.0,0.0,0.5345576249170714,0.5345576249170714,0.5345576249170714,-1.5703924403491738,-129.12698178999398,-48.87,0.0,0.0,9.708993929997993,19.44265080567545,23.186472379265336,37.93160899539896,48.091818883822384,0.5598565009791179,0.15020743425638533,12,0.11904907254420927,-1.3262939454516633,0.577148437520874
34,1.0,1.0,1.0,0.24089074642898167,0.7172640083427877,0.4919299080563209,-1.5703924403491738,-114.06807552408509,-48.87,0.0,0.0,0.7126652711093409,0.2089789396120455,0.2089789396120455,-1.5703924403491738,-128.13615104817018,-48.87,0.0,0.0,0.6260355839207683,0.5553169319403145,0.5184678589034937,-1.5703924403491738,-142.20422657225527,-48.87,0.0,0.0,14.068075524085089,10.502690179217298,29.329582148022396,34.57577474186742,41.3004263524898,0.36121130536540724,0.5751010798459999,5,6.885692596445342,-7.555965427970085,7.22909164438766
35,0.8502880198903212,0.8502880198903212,0.8502880198903212,0.33744986954637113,0.48990605040385937,0.5988648757819834,-1.5703924403491738,-125.37139600284384,-48.87,0.0,0.0,0.8542836763406108,0.8542836763406108,0.8542836763406108,-1.5703924403491738,-150.74279200568768,-48.87,0.0,0.0,0.8665745457814839,0.8651667427617227,0.8641620737759567,-1.5703924403491738,-176.11418800853153,-48.87,0.0,0.0,25.371396002843838,13.556863996889438,25.015244877434863,35.64748329658179,44.37160193954171,0.14086756975872108,0.7591445866760544,10,14.835060119629272,-16.896560676825846,16.072265630223832
36,0.3866956660174739,0.303347344603021,0.303347344603021,0.7387061314529824,0.570050792412516,0.40408679850447227,-1.5703924403491738,-116.88230896452434,-48.87,0.0,0.0,1.0,1.0,1.0,-1.5703924403491738,-133.76461792904868,-48.87,0.0,0.0,0.6246721054678936,0.5352550980723418,0.5352550980723418,-1.5703924403491738,-150.64692689357304,-48.87,0.0,0.0,16.88230896452434,14.060996656233218,21.64504965471648,31.614668824779205,49.811290660194565,0.9354340197570117,0.8045503998098379,12,11.76441955582074,-11.882301330566406,11.877006530934164
37,0.2391226490455608,0.33119450175901766,0.6431521080187217,0.6973517289299513,0.4234084491504415,0.4234084491504415,-1.5703924403491738,-126.2364724309253,-48.87,0.0,0.0,0.6845630195912977,0.6845630195912977,0.6845630195912977,-1.5703924403491738,-152.4729448618506,-48.87,0.0,0.0,0.12267991131821135,0.09058804141699117,0.09058804141699117,-1.5703924403491738,-178.70941729277592,-48.87,0.0,0.0,26.236472430925303,17.288173602561372,27.284513281859102,39.75499661460796,45.04913733816279,0.6900953188874278,0.39307861418987194,3,19.658508300783904,-20.078125000083848,19.87420654298308
38,0.7685844285673806,0.6990471676115716,0.653810657676043,0.656911530234225,0.5883420994021039,0.5752619947290378,-1.5703924403491738,-110.58986171808672,-48.87,0.0,0.0,0.6950247457665564,0.6950247457665564,0.6950247457665564,-1.5703924403491738,-121.17972343617345,-48.87,0.0,0.0,0.8450014749721121,0.8252863007623094,0.6247318678996779,-1.5703924403491738,-131.76958515426017,-48.87,0.0,0.0,10.589861718086727,18.54075629936888,24.21660238958462,37.73856070298071,47.31201152443355,0.5893771164127605,0.13264801383133487,5,0.5374145508140993,-2.0742492675791535,1.2975769043384675
39,0.6623580642235833,0.5846516194026701,0.5516052310410473,0.09650843424178392,0.09650843424178392,0.09650843424178392,-1.5703924403491738,-110.73224325478972,-48.87,0.0,0.0,0.7507804182479206,0.25839368530533047,0.25839368530533047,-1.5703924403491738,-121.46448650957944,-48.87,0.0,0.0,0.5950586349742246,0.4237739788147406,0.31603970705317674,-1.5703924403491738,-132.19672976436917,-48.87,0.0,0.0,10.73224325478973,19.95170387994577,23.32794802475741,38.10969361158664,46.750698639361545,0.5132432236444004,0.16964770514452626,1,1.214721679716769,-2.4965515137689325,1.8283386230990875
40,0.6906832473188844,0.6906832473188844,0.6906832473188844,0.5699093814957238,0.5699093814957238,0.5699093814957238,-1.5703924403491738,-116.68289059528001,-48.87,0.0,0.0,0.7652252308831111,0.76525832407804,0.7607097489682599,-1.5703924403491738,-133.36578119056003,-48.87,0.0,0.0,0.31687672701181413,0.25834512893116124,0.25834512893116124,-1.5703924403491738,-150.04867178584004,-48.87,0.0,0.0,16.68289059528001,15.093608650217307,22.218130946234574,36.25791209234956,41.2793433246831,0.23638315377361274,0.6908836385317707,11,7.887016296739592,-8.997665407676983,8.497962951686569
41,0.8198281783645036,0.5003125951449061,0.4337515149349367,0.9759597098953209,0.9759597098953209,0.9759597098953209,-1.5703924403491738,-116.09131764307455,-48.87,0.0,0.0,0.7704695129664503,0.7704695129664503,0.7704695129664503,-1.5703924403491738,-132.1826352861491,-48.87,0.0,0.0,0.30573492850795214,0.564361627434689,0.6592382875816867,-1.5703924403491738,-148.27395292922364,-48.87,0.0,0.0,16.09131764307454,12.87569596815263,29.710121129880605,31.188339155720175,46.31214725510227,0.6470163076430774,0.5152544658996213,3,9.779296875012308,-11.0821533203125,11.051269531266318
42,0.8505320580906168,0.47669039916666994,0.47510623553429143,0.8321562710710994,0.42549132978878274,0.2215320052400166,-1.5703924403491738,-121.31283794987783,-48.87,0.0,0.0,0.5801947374962733,0.5388849573635566,0.5388849573635566,-1.5703924403491738,-142.62567589975566,-48.87,0.0,0.0,0.8874323904843527,0.6755581132694639,0.5766996816492486,-1.5703924403491738,-163.9385138496335,-48.87,0.0,0.0,21.31283794987784,11.024236021113326,26.41360086218795,34.58805788980755,49.8918900237968,0.8820879485884516,0.3833784245339035,13,16.130203252889647,-16.312828063964844,16.295257568376115
43,0.85110927507499,0.7896853771343595,0.5413418251062745,0.9999999999999999,1.0,1.0,-1.5703924403491738,-128.54589023729156,-48.87,0.0,0.0,0.6481933388722608,0.6234755287315608,0.613579348797097,-1.5703924403491738,-157.09178047458312,-48.87,0.0,0.0,0.3394334848528585,0.3762955866969393,0.6881723242527912,-1.5703924403491738,-185.63767071187468,-48.87,0.0,0.0,28.545890237291566,17.036963852366263,25.520526963491726,38.213006264540496,43.78200894844596,0.12243790949579063,0.9291872940007236,6,18.607521067450385,-19.89255523738229,19.08042907908221
44,0.3949352559069831,0.3949352559069831,0.3949352559069831,0.108336488049803,0.10596539610880204,0.10410752239990251,-1.5703924403491738,-107.35237376258739,-48.87,0.0,0.0,0.38213879350903546,0.5811740215875038,0.5968111722846268,-1.5703924403491738,-114.70474752517478,-48.87,0.0,0.0,1.0,1.0,1.0,-1.5703924403491738,-122.05712128776217,-48.87,0.0,0.0,7.352373762587395,18.282685251411458,23.476220117863058,37.55600204369788,47.87987189953512,0.4817309671972937,0.0038395978357302018,1,-0.24062703176740285,0.24763660705205925,-0.24011069870387836
45,0.836555045495768,0.8684783354965813,0.5374394309510708,0.9114495930860689,0.903658153267634,0.903658153267634,-1.5703924403491738,-126.66532974271615,-48.87,0.0,0.0,0.7301261568717599,0.4785580933501302,0.2953916104833807,-1.5703924403491738,-153.3306594854323,-48.87,0.0,0.0,0.35478649130472395,0.32684432925279405,0.32684432925279405,-1.5703924403491738,-179.99598922814846,-48.87,0.0,0.0,26.665329742716153,14.751170068322088,25.45588985620107,39.9652654477162,43.773769873263845,0.8772578734657145,0.6892660456059743,4,21.49064636625981,-21.665328979492188,21.64729309086646
46,0.9783369986095053,0.9767918837383242,0.9767918837383242,0.2927001197148875,0.5808069441887345,0.7497129693580404,-1.5703924403491738,-124.68895652410336,-48.87,0.0,0.0,0.2993554488137301,0.2993554488137301,0.2993554488137301,-1.5703924403491738,-149.37791304820672,-48.87,0.0,0.0,0.7865779399453622,0.7565130347738759,0.7565130347738759,-1.5703924403491738,-174.06686957231008,-48.87,0.0,0.0,24.688956524103357,11.54536068277435,22.133468827904796,32.19544577748515,42.035460788784484,0.26371037652062307,0.38224413034418314,13,16.269067765639985,-17.28157806697429,16.803089144985602
47,0.5497122781784426,0.5497122781784426,0.5497122781784426,1.0,1.0,1.0,-1.5703924403491738,-117.48745785026301,-48.87,0.0,0.0,0.1257242623104936,0.1257242623104936,0.1257242623104936,-1.5703924403491738,-134.97491570052603,-48.87,0.0,0.0,0.6363679224536011,0.6363679224536011,0.6363679224536011,-1.5703924403491738,-152.46237355078904,-48.87,0.0,0.0,17.48745785026302,17.33332430484021,28.590384600031093,34.65274830936766,48.649966052777934,0.7549125845098369,0.4130438820932306,0,12.486228982600398,-12.487457275390625,12.348007203239327
48,0.30849148863021203,0.30849148863021203,0.30849148863021203,0.6185988878714314,0.18448298758582038,0.18448298758582038,-1.5703924403491738,-114.62611158950045,-48.87,0.0,0.0,0.7944050621350236,0.647952894765049,0.647952894765049,-1.5703924403491738,-129.2522231790009,-48.87,0.0,0.0,1.0,1.0,1.0,-1.5703924403491738,-143.87833476850136,-48.87,0.0,0.0,14.62611158950046,13.061382309834483,27.631900699981784,34.42099623055501,45.895818693367616,0.18051362593102735,0.887667328220125,0,5.128154786319639,-6.4835510260394305,5.736946108158737
49,0.4450120857482689,0.4450120857482689,0.4450120857482689,0.8426945342438128,0.6920816630493285,0.6920816630493285,-1.5703924403491738,-110.47266048787016,-48.87,0.0,0.0,0.42452605813169886,0.7369854904955246,0.40515109754332435,-1.5703924403491738,-120.94532097574032,-48.87,0.0,0.0,0.3954414045183246,0.3954414045183246,0.3954414045183246,-1.5703924403491738,-131.4179814636105,-48.87,0.0,0.0,10.472660487870163,19.156755200347604,24.09491378774031,37.343272316770594,46.60851444620181,0.5169937803063652,0.14035453927793237,6,0.725982666016896,-1.992645263821709,1.214355468844837
50,0.758697705419086,0.7813143009828438,0.7136673644121199,1.0,1.0,1.0,-1.5703924403491738,-115.69566566663141,-48.87,0.0,0.0,0.3962188367346335,0.3878530291001806,0.37791625724207517,-1.5703924403491738,-131.39133133326283,-48.87,0.0,0.0,0.9758446325341741,0.9634014309266274,0.9634014309266274,-1.5703924403491738,-147.08699699989424,-48.87,0.0,0.0,15.695665666631406,16.62723538670714,28.40742828644786,38.34740299811294,48.708915226220384,0.8246945802599394,0.2737003485219443,2,10.588378910030718,-10.695663452148438,10.626358032227028
51,0.4441630234489329,0.4379280487739139,0.4379280487739139,0.3413520232806836,0.3413520232806836,0.3413520232806836,-1.5703924403491738,-127.42425204777768,-48.87,0.0,0.0,0.3103491710304731,0.7929088490226377,0.2219656035917048,-1.5703924403491738,-154.84850409555537,-48.87,0.0,0.0,0.32667074595979695,0.32667074595979695,0.32667074595979695,-1.5703924403491738,-182.27275614333305,-48.87,0.0,0.0,27.42425204777769,10.45785359118161,21.976893552253355,35.67154944218256,45.7709693029456,0.7041185886937402,0.8706270940890022,6,21.035430908338384,-22.42425537109375,22.4227294922472
52,0.8388852823016054,0.8371378362458058,0.8367237745091175,0.8498316657670919,0.8478606440690293,0.84555755564073,-1.5703924403491738,-116.25534947168431,-48.87,0.0,0.0,0.7131753384797703,0.2276501725612483,0.2276501725612483,-1.5703924403491738,-132.51069894336862,-48.87,0.0,0.0,0.19298122861922115,0.16908505337719895,0.16908505337719895,-1.5703924403491738,-148.76604841505292,-48.87,0.0,0.0,16.25534947168431,13.819716078377208,26.138278319184508,32.165641403136846,41.165439896059524,0.18781957066693497,0.47429365969184933,9,6.828994751530148,-8.16827392783724,7.5558929460257165
53,0.2780558987560052,0.2514955729884364,0.24728392604583316,0.7208450790060397,0.614740954110197,0.5179325175511553,-1.5703924403491738,-122.80535162803722,-48.87,0.0,0.0,0.9999999999999999,0.9999999999999999,1.0,-1.5703924403491738,-145.61070325607443,-48.87,0.0,0.0,0.6190867392440623,0.5733453821198359,0.5733453821198359,-1.5703924403491738,-168.41605488411165,-48.87,0.0,0.0,22.805351628037222,14.277955903155668,27.0254810433318,33.420147242872304,44.0954095232206,0.24989799493072615,0.6031671216020007,5,14.212093357134783,-15.244667056534897,14.762649549704925
54,0.8687139441167702,0.8687139441167702,0.8687139441167702,0.35811315284355616,0.528115276574684,0.5863613343766632,-1.5703924403491738,-111.17364399718707,-48.87,0.0,0.0,0.7984765426208951,0.7090042101597146,0.4485172912036286,-1.5703924403491738,-122.34728799437414,-48.87,0.0,0.0,0.9688620921471653,0.9688620921471653,0.9688620921471653,-1.5703924403491738,-133.5209319915612,-48.87,0.0,0.0,11.173643997187076,18.052402920880425,22.85674240175223,38.01102685667245,47.39553435307974,0.5637150678631981,0.10250025972561072,2,1.0800781250011964,-2.37692260770692,1.64483642578125
55,0.15457547524319892,0.15267049671259203,0.15267049671259203,0.5968022811640764,0.5933628236561341,0.5818399915849156,-1.5703924403491738,-118.73418700955213,-48.87,0.0,0.0,0.753603886890056,0.7389150451372021,0.7389150451372021,-1.5703924403491738,-137.46837401910426,-48.87,0.0,0.0,0.7414671789535342,0.45736721877382275,0.28276581277348256,-1.5703924403491738,-156.2025610286564,-48.87,0.0,0.0,18.734187009552137,14.06911553937524,29.044107331064673,38.20129050203912,49.988183517443304,0.9874043865665447,0.7863325070010051,10,13.635086059636297,-13.734176635742188,13.732299804687887
56,0.8912591764007184,0.886933101139879,0.8852442054905106,1.0,1.0,1.0,-1.5703924403491738,-126.34905660468175,-48.87,0.0,0.0,1.0,1.0,1.0,-1.5703924403491738,-152.6981132093635,-48.87,0.0,0.0,0.7780060879066941,0.5268474496491289,0.5268474496491289,-1.5703924403491738,-179.04716981404525,-48.87,0.0,0.0,26.349056604681753,10.906280248743629,25.209026501106354,35.343518956860585,44.274671314950766,0.3378210480319824,0.5180968379948254,2,18.878130912785636,-19.622245789673787,19.26289177028363
57,0.3668851398321707,0.3514468771969489,0.3317831802418693,0.7802608640519471,0.7365831565546952,0.7196065871522057,-1.5703924403491738,-121.04238145736628,-48.87,0.0,0.0,0.8575069721016194,0.8461442034049005,0.8019931246109703,-1.5703924403491738,-142.08476291473255,-48.87,0.0,0.0,0.7156546583676778,0.6804776790855662,0.662621754277854,-1.5703924403491738,-163.12714437209883,-48.87,0.0,0.0,21.042381457366268,16.53777178197239,26.746675535218767,34.178726986100365,45.26406831159987,0.13936756118913235,0.8512340723852955,7,11.08631898159691,-12.53816986153723,11.737075805737529
58,0.36170759944314246,0.3788935617097832,0.8005901737085825,1.0,1.0,1.0,-1.5703924403491738,-113.6877137682157,-48.87,0.0,0.0,0.3159465315581929,0.3146940969355326,0.3138936974457098,-1.5703924403491738,-127.3754275364314,-48.87,0.0,0.0,0.5272052172369651,0.7099336188692312,0.6522550324672043,-1.5703924403491738,-141.0631413046471,-48.87,0.0,0.0,13.687713768215694,12.940180146774942,22.44078252171301,31.567344046651385,42.0358666485298,0.7851003945838905,0.26387304061511985,8,2.172485351566558,-8.687713623046875,3.2338256837006742
59,0.7386945596361297,0.39223546837875667,0.39223546837875667,0.6537038330394966,0.38930320882908054,0.36702980303253274,-1.5703924403491738,-108.43663778905467,-48.87,0.0,0.0,0.8542544876936793,0.8542544876936793,0.8542544876936793,-1.5703924403491738,-116.87327557810934,-48.87,0.0,0.0,1.0,1.0,1.0,-1.5703924403491738,-125.30991336716401,-48.87,0.0,0.0,8.43663778905467,18.621761201695612,23.741084526158886,37.34346535971079,47.91841003734628,0.4130394980959897,0.026463878817057605,1,-0.241942476116761,0.24978637087376132,-0.23850508651856916
60,0.9979876522836537,0.9979867457857945,0.9979867457857945,1.0,1.0,1.0,-1.5703924403491738,-128.734434150987,-48.87,0.0,0.0,1.0,1.0,1.0,-1.5703924403491738,-157.468868301974,-48.87,0.0,0.0,0.27223778738188165,0.2007963143993719,0.2007963143993719,-1.5703924403491738,-186.203302452961,-48.87,0.0,0.0,28.734434150987013,14.321078782586998,26.12871585276192,33.53944785095913,41.760325049589405,0.8773820746864265,0.20935208058220828,3,23.55418396413578,-23.73443603515625,23.716232300080613
61,0.12871201101038937,0.2939266271339967,0.22691016315587237,0.11585999114211507,0.11585999114211507,0.11585999114211507,-1.5703924403491738,-117.59319007364681,-48.87,0.0,0.0,0.927072086605943,0.9209170179011373,0.9185252140679343,-1.5703924403491738,-135.18638014729362,-48.87,0.0,0.0,0.6336636604581991,0.6336636604581991,0.6336636604581991,-1.5703924403491738,-152.77957022094043,-48.87,0.0,0.0,17.59319007364681,10.959615464993764,21.147440194252507,38.69483866707913,48.94683253456228,0.03503834845466243,0.9209410272548963,1,6.692868236512856,-8.17105865789252,7.34853554537718
62,0.09249428322107553,0.09249428322107553,0.09249428322107553,0.812296539454731,0.8023896286338239,0.8023896286338239,-1.5703924403491738,-122.5854221633875,-48.87,0.0,0.0,0.657411291835812,0.6275208020739419,0.6275208020739419,-1.5703924403491738,-145.170844326775,-48.87,0.0,0.0,0.9394845096642842,0.9394845096642842,0.9394845096642842,-1.5703924403491738,-167.75626649016252,-48.87,0.0,0.0,22.5854221633875,16.76741957923062,26.895758169371078,31.44216878299624,42.88737903520117,0.6012650463121423,0.7224452975305572,1,16.1597900390625,-16.58386230489819,16.377471923877135
63,0.9027091530835448,0.9027091530835448,0.9027091530835448,0.7591687627021608,0.7414730790775679,0.7314229423588094,-1.5703924403491738,-113.19910483832402,-48.87,0.0,0.0,0.6837404357214776,0.7010530720032795,0.6724763021517788,-1.5703924403491738,-126.39820967664804,-48.87,0.0,0.0,0.6900706078752792,0.6900706078752792,0.6900706078752792,-1.5703924403491738,-139.59731451497206,-48.87,0.0,0.0,13.199104838324025,12.18726168844461,29.374606692549214,35.30819622074888,45.9179366500346,0.28878311911408944,0.4357064851447226,2,5.0957489013671875,-6.009490972390568,5.574649811330453
64,0.8214034521376203,0.8214034521376203,0.8214034521376203,0.9030008418088671,0.7564437422839645,0.5526674450111404,-1.5703924403491738,-108.91628917161896,-48.87,0.0,0.0,0.6723402666445042,0.37111968798174166,0.2676584317896977,-1.5703924403491738,-117.83257834323791,-48.87,0.0,0.0,0.35813866896051194,0.35813866896051194,0.35813866896051194,-1.5703924403491738,-126.74886751485687,-48.87,0.0,0.0,8.916289171618953,18.238768367436105,24.410290952686907,38.080975477152755,46.9403400876611,0.5195051321125703,0.042884105216987246,5,-0.2361724356649919,0.23890916917263194,-0.24279775825158367
65,0.9003051453030647,0.9003051453030647,0.9003051453030647,0.6721331535557411,0.41916900468641344,0.25162610821893794,-1.5703924403491738,-110.45277335632153,-48.87,0.0,0.0,0.9275935014495855,0.9275935014495855,0.9275935014495855,-1.5703924403491738,-120.90554671264306,-48.87,0.0,0.0,0.03495468566775853,0.03495468566775853,0.03495468566775853,-1.5703924403491738,-131.3583200689646,-48.87,0.0,0.0,10.452773356321524,18.30980996986112,23.499587319700186,37.914744375432676,46.869075215153494,0.4144428918400502,0.16573952176023413,13,0.8759765625792486,-2.163574219043534,1.4700622559144785
66,0.7190358418694379,0.6757078023452726,0.6757078023452726,0.5420780059290162,0.5420780059290162,0.5420780059290162,-1.5703924403491738,-123.54213093185302,-48.87,0.0,0.0,0.6315172633001762,0.6315172633001762,0.6315172633001762,-1.5703924403491738,-147.08426186370605,-48.87,0.0,0.0,0.2918331337565272,0.39920958112018884,0.5165665072516132,-1.5703924403491738,-170.62639279555907,-48.87,0.0,0.0,23.54213093185303,10.62509914957393,26.035350139660036,31.338627904256217,42.48085602930842,0.6809564367578831,0.690267142279057,7,18.474166870128347,-18.542129516601562,18.539413452156165
67,0.7111174195994957,0.7111174195994957,0.7111174195994957,0.2378305768849151,0.2520203364936815,0.42161989537947303,-1.5703924403491738,-117.77634343359843,-48.87,0.0,0.0,0.6910640858781854,0.6748523959008539,0.48904431951108207,-1.5703924403491738,-135.55268686719685,-48.87,0.0,0.0,0.7896705029811542,0.7838616723035697,0.7780229044344666,-1.5703924403491738,-153.3290303007953,-48.87,0.0,0.0,17.77634343359843,16.907754750615332,27.57993014954031,34.270497061309335,44.03576624289336,0.31881591105725515,0.5220378222164909,9,10.064468384115562,-10.802139284355643,10.454887391613106
68,0.7874738260186341,0.7488535463042238,0.7254469247364886,0.5490227173957624,0.4964380860692733,0.4964380860692733,-1.5703924403491738,-114.228987000659,-48.87,0.0,0.0,0.9399662311897439,0.9355375480079889,0.9204012930818677,-1.5703924403491738,-128.457974001318,-48.87,0.0,0.0,0.7951786561523176,0.7814682451071929,0.7777762302493955,-1.5703924403491738,-142.686961001977,-48.87,0.0,0.0,14.228987000659005,14.544745135727421,21.066013702729695,35.735649758777214,45.275152271212015,0.8462840861704652,0.929093631489949,5,9.045928955179654,-9.228981018066406,9.208099365334746
69,1.0,1.0,1.0,0.766776478236274,0.766776478236274,0.766776478236274,-1.5703924403491738,-127.62285121665367,-48.87,0.0,0.0,0.19613151438043377,0.19613151438043377,0.19613151438043377,-1.5703924403491738,-155.24570243330734,-48.87,0.0,0.0,0.7263613625435498,0.5141741672823555,0.5141741672823555,-1.5703924403491738,-182.868553649961,-48.87,0.0,0.0,27.622851216653668,13.578032103411553,28.334573210172017,39.28478699641686,49.17860524299663,0.1935120800320254,0.31731085475355975,6,18.244590759288613,-19.583305359189794,18.99284362846463
70,0.8607988723978115,0.8491902648263885,0.8346686242765298,0.7780118795643742,0.7537985167424759,0.7213659196304918,-1.5703924403491738,-109.59202960092857,-48.87,0.0,0.0,1.0,1.0,1.0,-1.5703924403491738,-119.18405920185714,-48.87,0.0,0.0,0.7650742619243258,0.7329446320603508,0.7074528829078919,-1.5703924403491738,-128.7760888027857,-48.87,0.0,0.0,9.592029600928566,19.79850209508563,22.914960096871944,37.79321559169655,47.244828350759065,0.5228590647537293,0.18732897814128108,3,0.22357177734514266,-1.50640869149683,0.9234313965838705
71,0.7750001390101853,0.503927387443189,0.39577069636703155,0.3137781006746938,0.3137781006746938,0.3137781006746938,-1.5703924403491738,-113.21472337109178,-48.87,0.0,0.0,0.8596298610154222,0.8596298610154222,0.8596298610154222,-1.5703924403491738,-126.42944674218356,-48.87,0.0,0.0,0.9548275817741058,0.9548275817741058,0.9548275817741058,-1.5703924403491738,-139.64417011327535,-48.87,0.0,0.0,13.214723371091784,17.968795988018837,25.128139208508074,35.4130103710945,46.36985171438576,0.0559942787977147,0.6288888148633365,2,2.753906250045979,-3.8845367434597016,2.365234377774951
72,0.5116089929178769,0.43362660846130574,0.37989723491409355,0.2662556753154822,0.2662556753154822,0.2662556753154822,-1.5703924403491738,-129.35225049317808,-48.87,0.0,0.0,0.7354992587537144,0.40967377402266125,0.40967377402266125,-1.5703924403491738,-158.70450098635615,-48.87,0.0,0.0,0.36438306323194686,0.36438306323194686,0.36438306323194686,-1.5703924403491738,-188.05675147953423,-48.87,0.0,0.0,29.35225049317807,12.377351192480308,21.30442065793491,39.465877125709994,41.48184221902902,0.721466605192752,0.5977128402082161,9,22.195007324360283,-24.015869140689194,23.85571289074704
73,0.7597925419021645,0.7493596319374825,0.7493596319374825,0.9742839069417826,0.9712293256042727,0.9696589316161832,-1.5703924403491738,-125.30131214045342,-48.87,0.0,0.0,1.0,1.0,1.0,-1.5703924403491738,-150.60262428090684,-48.87,0.0,0.0,1.0,1.0,1.0,-1.5703924403491738,-175.90393642136024,-48.87,0.0,0.0,25.30131214045342,10.00622804727736,27.032658391624093,34.409665633877175,43.09612247724171,0.8144987250005329,0.8636133026269409,9,20.228591919983558,-20.301315307617188,20.228904724363638
74,0.25927949300050374,0.25571208358575376,0.2539864753705782,0.6311818336303093,0.7674179584879643,0.38206748978218075,-1.5703924403491738,-118.58668264793135,-48.87,0.0,0.0,0.41979187115261263,0.6796097395224143,0.7455159502640257,-1.5703924403491738,-137.1733652958627,-48.87,0.0,0.0,0.0,0.0,0.0,-1.5703924403491738,-155.76004794379406,-48.87,0.0,0.0,18.586682647931354,14.326806210798598,28.695653822246825,32.012602771699235,49.36105611219449,0.3860753043894882,0.26904837137751364,7,10.058074951183954,-11.641052246109489,10.936614990256746
75,0.6269676137050949,0.2612171152064049,0.2612171152064049,1.0,1.0,1.0,-1.5703924403491738,-110.40079684884574,-48.87,0.0,0.0,0.6031261461509623,0.510553616641658,0.510553616641658,-1.5703924403491738,-120.80159369769149,-48.87,0.0,0.0,0.2949455913634281,0.28486680128942177,0.28207598645957893,-1.5703924403491738,-131.20239054653723,-48.87,0.0,0.0,10.400796848845742,18.469659717499702,23.266641952486356,37.529260952949656,47.693422725909834,0.589701374082364,0.09595729239253654,3,0.1256408692556059,-1.5464782717689012,0.8298950195924037
76,0.8014436347612467,0.8016327721692372,0.7844979631321035,0.9476289983207394,0.9476289983207394,0.9476289983207394,-1.5703924403491738,-111.50463983445064,-48.87,0.0,0.0,0.14409469193812302,0.14409469193812302,0.14409469193812302,-1.5703924403491738,-123.00927966890129,-48.87,0.0,0.0,0.6066374427355097,0.6194114183640942,0.5248697423319324,-1.5703924403491738,-134.51391950335193,-48.87,0.0,0.0,11.504639834450646,19.53850731100487,23.469181387268236,36.88048421179201,47.35126285313379,0.4593044038141271,0.13445408108345253,5,1.649291992191877,-2.967437744141538,2.177124023473996
77,0.3312398713249166,0.32765956994637746,0.2719588777522328,0.3745023718011283,0.3140557187983258,0.3140557187983258,-1.5703924403491738,-121.67636226709773,-48.87,0.0,0.0,0.15440454574072246,0.15440454574072246,0.15440454574072246,-1.5703924403491738,-143.35272453419546,-48.87,0.0,0.0,0.05727931717165681,0.04458341259474839,0.04458341259474839,-1.5703924403491738,-165.02908680129318,-48.87,0.0,0.0,21.676362267097726,12.500538192769952,21.034849016915974,34.61725587462141,44.18961769349981,0.09342486189020083,0.6993415925015921,7,10.950412752231179,-12.775020602253509,12.02314758528551
78,0.6883039655375228,0.6883039655375228,0.6883039655375228,0.8780503798244201,0.5917307447384312,0.5917307447384312,-1.5703924403491738,-116.68655277684647,-48.87,0.0,0.0,1.0,1.0,1.0,-1.5703924403491738,-133.37310555369294,-48.87,0.0,0.0,0.17019932283932146,0.12400647430411241,0.1078269088775348,-1.5703924403491738,-150.0596583305394,-48.87,0.0,0.0,16.686552776846476,11.738785694545415,24.86696921723013,33.55666412103743,44.818310059429976,0.21866104856274501,0.9329804002416131,8,7.592166900635343,-8.892753604510366,8.331977844552634
79,0.6792335927954757,0.6792335927954757,0.6792335927954757,0.9586479823856998,0.9586479823856998,0.9586479823856998,-1.5703924403491738,-112.56703405811834,-48.87,0.0,0.0,0.23278441249017562,0.3562832650096272,0.4666464870129116,-1.5703924403491738,-125.13406811623668,-48.87,0.0,0.0,0.08182097928482265,0.1497533353811254,0.21625204553198066,-1.5703924403491738,-137.70110217435501,-48.87,0.0,0.0,12.567034058118335,15.488236427772073,28.59975720642722,38.57273313627959,41.62591462979421,0.8129733026166214,0.4995517861548982,7,7.56684875492971,-7.5670318603515625,7.518646240332599
80,0.5461537671892411,0.3388929183697552,0.3388929183697552,0.8184061196711281,0.5776748416332144,0.295471310436227,-1.5703924403491738,-126.94252004123834,-48.87,0.0,0.0,1.0,1.0,1.0,-1.5703924403491738,-153.88504008247668,-48.87,0.0,0.0,1.0,1.0,1.0,-1.5703924403491738,-180.82756012371502,-48.87,0.0,0.0,26.942520041238343,17.518354221463497,27.117580634731617,31.810120717700535,49.07746147578709,0.7995095153728501,0.3938397021632582,9,18.200073242232662,-21.942520141601562,18.514648437600254
81,0.1977656998181169,0.19196002803516393,0.18042345887364794,0.774428529113835,0.702337812361013,0.702337812361013,-1.5703924403491738,-109.00166253465326,-48.87,0.0,0.0,0.768120273478418,0.7042477039736247,0.3662702724177507,-1.5703924403491738,-118.00332506930653,-48.87,0.0,0.0,0.1896502088278781,0.1827475369153641,0.17469127509081117,-1.5703924403491738,-127.00498760395979,-48.87,0.0,0.0,9.001662534653263,19.097004649347134,23.766755342462126,37.32319628802532,46.42602959727957,0.47424276065262677,0.06290419853796012,8,-0.2305282839398668,0.23547278067124644,-0.24066121404824603
82,0.7086556422313484,0.7137029416688658,0.6954089621967434,0.1563258436667258,0.1563258436667258,0.1563258436667258,-1.5703924403491738,-123.18585629109566,-48.87,0.0,0.0,1.0,1.0,1.0,-1.5703924403491738,-146.37171258219132,-48.87,0.0,0.0,0.010185420378346466,0.010185420378346466,0.010185420378346466,-1.5703924403491738,-169.55756887328698,-48.87,0.0,0.0,23.185856291095664,14.554228076885243,25.892372814334124,35.979920148395095,49.43484277819939,0.14074346742122992,0.37526994811224235,9,12.827106475993332,-14.701530458200796,13.888816833502258
83,0.948893028051112,0.948893028051112,0.948893028051112,0.7567762556200981,0.5167226789781685,0.21403892411946623,-1.5703924403491738,-112.57637723721496,-48.87,0.0,0.0,0.7464358315218989,0.7464358315218989,0.7464358315218989,-1.5703924403491738,-125.15275447442991,-48.87,0.0,0.0,0.8054065637175856,0.4950913263744903,0.48540650376218775,-1.5703924403491738,-137.72913171164487,-48.87,0.0,0.0,12.576377237214949,13.844466822548679,29.455342755800622,34.51209781896287,44.3206129404774,0.23322276265661213,0.8275168318434533,13,3.724601770277303,-4.872772218639305,4.361061096845081
84,1.0,1.0,1.0,0.7968425729849282,0.7011156752541438,0.6720008232663393,-1.5703924403491738,-129.55649645171746,-48.87,0.0,0.0,0.25550795400159815,0.25550795400159815,0.25550795400159815,-1.5703924403491738,-159.11299290343493,-48.87,0.0,0.0,0.6475384058636761,0.6317580976428336,0.46982715310224765,-1.5703924403491738,-188.6694893551524,-48.87,0.0,0.0,29.556496451717457,16.58132776722278,21.854671922568365,38.96240321653509,41.95449977891935,0.8775589887488187,0.5843786732617134,10,22.4926452637166,-24.215087890625995,23.888641357434217
85,0.531010577153368,0.531010577153368,0.531010577153368,0.3870502472859684,0.3870502472859684,0.3870502472859684,-1.5703924403491738,-116.76683833901376,-48.87,0.0,0.0,0.8599318012278901,0.5621977782928235,0.5621977782928235,-1.5703924403491738,-133.53367667802752,-48.87,0.0,0.0,0.6686274558379627,0.6629825770450104,0.621577486858777,-1.5703924403491738,-150.30051501704128,-48.87,0.0,0.0,16.766838339013756,10.163730750350908,28.112164533548878,31.869378147194304,45.141680445973584,0.7558011676684737,0.7643069400915403,13,11.76524353054468,-11.766830444335938,11.61549377559815
86,0.49793758080451744,0.49793758080451744,0.49793758080451744,0.7422810330607376,0.7422810330607376,0.7422810330607376,-1.5703924403491738,-109.43396201172462,-48.87,0.0,0.0,0.6644167451458143,0.523487874825085,0.5069945074703803,-1.5703924403491738,-118.86792402344923,-48.87,0.0,0.0,0.7982395976039136,0.40568890409644,0.40568890409644,-1.5703924403491738,-128.30188603517385,-48.87,0.0,0.0,9.433962011724622,18.044059615702572,23.0946765630312,37.88572968318892,47.772752712578296,0.41721154600558,0.023793297290326153,13,-0.26074217024990265,0.22051938620292155,-0.2527768664892651
87,0.6981745338409825,0.6981745338409825,0.6981745338409825,0.7321020012975198,0.7321020012975198,0.7321020012975198,-1.5703924403491738,-108.90305166106796,-48.87,0.0,0.0,0.4610749304200327,0.3492856357873671,0.3492856357873671,-1.5703924403491738,-117.80610332213593,-48.87,0.0,0.0,0.7948029172918356,0.7948029172918356,0.7948029172918356,-1.5703924403491738,-126.70915498320389,-48.87,0.0,0.0,8.90305166106797,19.182192959893406,23.477296147090136,37.70868294207351,47.85211583286653,0.5629577963643503,0.0010628257622310455,5,-0.24139375893827264,0.2387693461828082,-0.24062889146472521
88,0.15084474937516804,0.13606510015304893,0.12666177369132034,0.34624255874209486,0.6520819625839334,0.6525131887254364,-1.5703924403491738,-129.62109458037168,-48.87,0.0,0.0,0.7285069930300705,0.7285069930300705,0.7285069930300705,-1.5703924403491738,-159.24218916074335,-48.87,0.0,0.0,1.0,1.0,1.0,-1.5703924403491738,-188.86328374111503,-48.87,0.0,0.0,29.62109458037166,16.944777416831773,28.886536161188012,39.722055153063025,43.93106919191345,0.662669781101423,0.8272342163887589,5,23.254211425787688,-24.62109375,24.619812013752934
89,0.7614188498512057,0.7264673543162895,0.7264673543162895,0.8075264657728676,0.8127778397090599,0.4873254213460969,-1.5703924403491738,-122.69877190258953,-48.87,0.0,0.0,0.925270383059847,0.912911205074775,0.910431283189794,-1.5703924403491738,-145.39754380517905,-48.87,0.0,0.0,0.5902842493251608,0.5902842493251608,0.5902842493251608,-1.5703924403491738,-168.09631570776858,-48.87,0.0,0.0,22.69877190258952,11.647952923068,25.0095118254816,33.04792764192961,46.34731511509467,0.19529030895871785,0.6553043075680929,6,13.326623916683147,-14.708385471147636,14.101005554639563
90,0.6532199917481181,0.624072998647973,0.6236419197266143,0.6593419949434025,0.6593419949434025,0.6593419949434025,-1.5703924403491738,-120.73057273055142,-48.87,0.0,0.0,0.2668327105452585,0.4365346923698901,0.675777807104902,-1.5703924403491738,-141.46114546110283,-48.87,0.0,0.0,0.6303261607078245,0.6279969976665889,0.6279969976665889,-1.5703924403491738,-162.19171819165425,-48.87,0.0,0.0,20.730572730551415,15.107323785492557,21.971586839556252,35.21309604524517,49.79308727523132,0.8284847183621646,0.20755718442132814,4,8.93804931687607,-15.70318603566373,9.994567871095692
91,0.20336538663428563,0.20336538663428563,0.20336538663428563,0.11776216222620059,0.11776216222620059,0.11776216222620059,-1.5703924403491738,-114.05782667127235,-48.87,0.0,0.0,0.7192619813632053,0.7192619813632053,0.7192619813632053,-1.5703924403491738,-128.1156533425447,-48.87,0.0,0.0,0.6646573440688369,0.6646573440688369,0.6646573440688369,-1.5703924403491738,-142.17348001381706,-48.87,0.0,0.0,14.057826671272345,12.978838334212437,26.970301019270174,32.66178405800096,41.198974543854305,0.3777160357980157,0.42157225075413585,12,7.0779266367060565,-7.647956852804198,7.374717712614601
