,c0_c1,c1_c2,c2_c3,p1,p2,p3,p4,v1,v2,v3,v4
0,7.13128662109375,7.13128662109375,7.131294250488281,[-100.          -48.86999893],[-107.13128662  -48.86999893],[-114.26257324  -48.86999893],[-121.39386749  -48.86999893],0.0,0.0,0.0,0.0
1,7.13128662109375,7.13128662109375,7.131294250488281,[-100.          -48.86999893],[-107.13128662  -48.86999893],[-114.26257324  -48.86999893],[-121.39386749  -48.86999893],0.0,0.0,0.0,0.0
2,7.13128662109375,7.13128662109375,7.131294250488281,[-100.          -48.86999893],[-107.13128662  -48.86999893],[-114.26257324  -48.86999893],[-121.39386749  -48.86999893],0.0,0.0,0.0,0.0
3,7.133232116699219,7.131294250488281,7.13128662109375,[-99.99635315 -48.86999893],[-107.12958527  -48.86999893],[-114.26087952  -48.86999893],[-121.39216614  -48.86999893],0.09550646767510092,0.0477236023588046,0.04772478321411316,0.047723583751487844
4,7.152984619547501,7.130432128971556,7.130630494343623,[-99.95761871 -48.86987686],[-107.11060333  -48.86995316],[-114.24103546  -48.86992264],[-121.37166595  -48.87005234],0.6344096147787697,0.32911623567290565,0.35547099364135726,0.38257739814250635
5,7.234573364837107,7.074821474250539,7.184410100760622,[-99.87469482 -48.87005615],[-107.10926819  -48.8699646 ],[-114.18408966  -48.86979294],[-121.36849976  -48.87007523],0.9771261277643981,2.572854489462126e-05,0.7267626974070629,3.484075306477998e-05
6,7.330970764354685,7.073020946184923,7.18894197512127,[-99.76821899 -48.86988831],[-107.09918976  -48.86994171],[-114.17221069  -48.86954498],[-121.36115265  -48.87007523],1.1549958715889934,0.22436779524122102,9.095092521810909e-05,0.1752676128104191
7,7.433959962747201,7.0929031519786685,7.198410054848982,[-99.63518524 -48.86982346],[-107.0691452   -48.86998749],[-114.16204834  -48.86952972],[-121.36045837  -48.87007523],1.4964319537163493,0.35588924782614556,0.16807982430117385,3.4722525348585667e-06
8,7.559654235863905,7.138847357927362,7.194778461641687,[-99.46208954 -48.86988068],[-107.02174377  -48.8698616 ],[-114.16059113  -48.8695488 ],[-121.35536957  -48.87007523],1.8566167310947361,0.5555957598927591,1.1158526167969318e-05,0.06614624061698623
9,7.682777404899749,7.2146225072442425,7.180130026188417,[-99.25876617 -48.86988068],[-106.94154358  -48.86992264],[-114.15616608  -48.8695488 ],[-121.33629608  -48.87010193],2.141087684251594,0.9678440120090936,0.05307475140086299,0.29142589950221354
10,7.7981567399271245,7.306968691071863,7.1685867344901695,[-99.02732086 -48.86972046],[-106.8254776   -48.86988068],[-114.13244629  -48.8697052 ],[-121.30103302  -48.86993027],2.4428016868805393,1.3205272480339805,0.40480601795843385,0.3965558172365964
11,7.916969318109716,7.400177018062103,7.177673366776561,[-98.76364136 -48.86936951],[-106.68061066  -48.86991501],[-114.08078766  -48.86942673],[-121.258461    -48.87004852],2.7707990968181186,1.611571313872227,0.6118447473077794,0.4720909990605155
12,8.034805368340864,7.503639231881877,7.1908264251474705,[-98.46864319 -48.8689003 ],[-106.50344849  -48.8699646 ],[-114.00708771  -48.86956406],[-121.19791412  -48.86992645],3.0741923335910686,1.959040036886222,0.8234390625880909,0.709793593267214
13,8.14633959099457,7.618606581831381,7.2054596010286245,[-98.14409637 -48.86832809],[-106.29043579  -48.87001419],[-113.90904236  -48.86954498],[-121.11450195  -48.86984634],3.3736433217850994,2.3005105227746068,1.1546919566027347,0.8952796297110617
14,8.255783428631796,7.7329025543685885,7.236892714432754,[-97.78945923 -48.86771393],[-106.04524231  -48.87010956],[-113.77814484  -48.86945724],[-121.01503754  -48.86991119],3.6790065973712633,2.5840698513470333,1.4855350416815998,1.0640171225528268
15,8.36609706578128,7.843795804775143,7.285888680327463,[-97.4056015  -48.86712646],[-105.771698    -48.87021255],[-113.61549377  -48.86954498],[-120.90138245  -48.86989594],3.9638094489314057,2.88117704763224,1.7876999303842218,1.187582972307598
16,8.471039658488518,7.9581299111332315,7.3448638920384255,[-96.99347687 -48.86654282],[-105.46451569  -48.87031555],[-113.42264557  -48.86964417],[-120.76750946  -48.86972427],4.250201561666419,3.2341831635238374,2.0919468689784635,1.438553336968059
17,8.570077127242119,8.075340299543676,7.408584594742276,[-96.55281067 -48.86600113],[-105.12288666  -48.87041855],[-113.19822693  -48.86973953],[-120.60681152  -48.86975479],4.532191860723149,3.5610123491336187,2.40850119174436,1.6730641511877742
18,8.665254133112777,8.193435694008867,7.483093262481049,[-96.08447266 -48.86549759],[-104.74972534  -48.87050629],[-112.94316101  -48.86986542],[-120.42625427  -48.86975861],4.806607682034843,3.8778022017547413,2.6706328975538733,1.8662144016547206
19,8.755655116498561,8.315444964181799,7.564941410697362,[-95.58874512 -48.86505127],[-104.3443985   -48.87056351],[-112.65984344  -48.87001801],[-120.22478485  -48.86975861],5.08073741636747,4.197695793021902,2.986820979198129,2.0962753403914043
20,8.835260513765743,8.43444825654282,7.657531748756875,[-95.07236481 -48.86467361],[-103.90762329  -48.87066269],[-112.34207153  -48.87017059],[-119.99960327  -48.86977005],5.162348555072909,4.504885735130926,3.3344404868570208,2.3342199456415815
21,8.884928115216365,8.54943085655075,7.760162370351239,[-94.55651093 -48.86436462],[-103.44143677  -48.87071991],[-111.99086761  -48.87031937],[-119.75102997  -48.8698082 ],5.215997136552218,4.785746604162585,3.6576292510999133,2.5764629967712556
22,8.927240937612577,8.658706670417017,7.872283963529465,[-94.02152252 -48.86413574],[-102.94876099  -48.87078094],[-111.60746765  -48.87047577],[-119.47975159  -48.86981201],5.508047725290404,5.039168385237796,3.983380534165679,2.8012225724784328
23,8.982866995483294,8.756668093243231,7.994194067899693,[-93.45198059 -48.86398315],[-102.43484497  -48.87083817],[-111.19151306  -48.87063217],[-119.18570709  -48.8698616 ],5.847900410837453,5.132688538299026,4.301907239591304,3.0600564646591377
24,9.066393675832431,8.824584962128093,8.118331953349882,[-92.85422516 -48.86391449],[-101.92061615  -48.87089157],[-110.74520111  -48.87074661],[-118.86353302  -48.86989975],6.095802317439978,5.17199612370121,4.589512007335747,3.3496804324827445
25,9.153605259141232,8.885833740394865,8.240882923127327,[-92.23236084 -48.86392975],[-101.38596344  -48.87090683],[-110.27179718  -48.87085342],[-118.51268005  -48.86994934],6.3489271335707365,5.511758328833269,4.849273329185874,3.6324467752487735
26,9.22537487833287,8.964363098303615,8.361450256420813,[-91.58245087 -48.86403275],[-100.80782318  -48.87091064],[-109.77218628  -48.87096405],[-118.13363647  -48.86995316],6.641972373933549,5.9532585148628,5.123344515576611,3.918411976452146
27,9.291780984529064,9.060829163882476,8.469581670874721,[-90.90353394 -48.86421585],[-100.1953125   -48.87092209],[-109.25614166  -48.87107468],[-117.72572327  -48.87001038],6.922552192632067,6.226855754912145,5.155064164365494,4.208659662712875
28,9.36170418510576,9.177856447798636,8.553054883100144,[-90.19754028 -48.86448288],[-99.55924225 -48.87092972],[-108.73709869  -48.87114334],[-117.2901535   -48.87002182],7.191156275291616,6.466365340649108,5.287208586302691,4.4676117936559985
29,9.429010454392161,9.29581451904507,8.641136244710486,[-89.4642334  -48.86480713],[-98.89324188 -48.87090302],[-108.1890564   -48.87120438],[-116.83019257  -48.87006378],7.4678827728813895,6.8113231772401575,5.683225173744078,4.708705434088627
30,9.488313451793326,9.406143197499047,8.747253499459276,[-88.70302582 -48.86520386],[-98.19133759 -48.87085724],[-107.59748077  -48.87126923],[-116.34473419  -48.87007523],7.745932957755351,7.157170787794799,6.100914007809528,4.981987002919535
31,9.54387804561277,9.512008678753649,8.861663899312605,[-87.91442108 -48.86565018],[-97.45829773 -48.87081528],[-106.9703064  -48.8712883],[-115.83197021  -48.87009048],8.01536609900593,7.451924342886356,6.427344799042247,5.158944612570915
32,9.59635274649736,9.614158644783519,9.006149372664625,[-87.09934998 -48.86612701],[-96.6957016 -48.8707695],[-106.30986023  -48.87129593],[-115.31600952  -48.87009048],8.276467856117836,7.757861641794282,6.782441140883698,5.161311631687511
33,9.642685806887052,9.709487932352408,9.180236889171082,[-86.25850677 -48.86661148],[-95.90119171 -48.87070847],[-105.61067963  -48.8712883 ],[-114.79091644  -48.87013245],8.531242860195384,8.079818761922354,7.1797857383742105,5.34584141378779
34,9.682839077333572,9.79750826070618,9.359123297177433,[-85.39253998 -48.86709976],[-95.07537842 -48.8706131 ],[-104.87288666  -48.87125397],[-114.23200989  -48.87013245],8.778855721491384,8.383621255288983,7.551076436665965,5.792868615330369
35,9.717903583430271,9.87901308382191,9.5245285628821,[-84.50218201 -48.86759186],[-94.22008514 -48.8705368 ],[-104.09909821  -48.87120056],[-113.62362671  -48.87013626],9.018773319121484,8.67667487209583,7.910702267459791,6.278344157010477
36,9.747139278995354,9.9531860557885,9.683708240159142,[-83.58824921 -48.86804581],[-93.33538818 -48.87047195],[-103.28857422  -48.87111282],[-112.97228241  -48.87013626],9.251632709085985,8.971720725616013,8.28219705276283,6.6828970933115475
37,9.770103642261388,10.019500753162292,9.838821450936477,[-82.65136719 -48.86846161],[-92.42147064 -48.87037659],[-102.44097137  -48.87102127],[-112.27979279  -48.87013626],9.477593258562313,9.259427102477591,8.647366580776284,7.119891644758667
38,9.787269702477156,10.078140277271094,9.982131988639757,[-81.69223785 -48.86884689],[-91.47950745 -48.87031555],[-101.55764771  -48.8709259 ],[-111.53977966  -48.87014389],9.696498537318677,9.535673160560467,9.00003916455114,7.608874800496515
39,9.798774778287832,10.128852859972795,10.11313631533517,[-80.71157837 -48.86919022],[-90.51035309 -48.87026596],[-100.63920593  -48.87083054],[-110.75234222  -48.87013626],9.908522106045934,9.80574419104012,9.349701949618657,8.064317703385154
40,9.804466275488512,10.171485913723352,10.235099809559431,[-79.71005249 -48.86948013],[-89.51451874 -48.87022018],[-99.68600464 -48.87073135],[-109.92110443  -48.87014008],10.113878570344822,10.069015522979408,9.693763803557253,8.502580643372132
41,9.804618844925029,10.2059707745979,10.345840465623999,[-78.6883316  -48.86973953],[-88.49295044 -48.87017059],[-98.6989212  -48.87063217],[-109.04476166  -48.87014389],10.312636674814794,10.322384854566142,10.026920385991295,8.963770866436422
42,9.799499512479052,10.23242951299846,10.443382270574938,[-77.64707947 -48.86999512],[-87.44657898 -48.87011719],[-97.67900848 -48.8705368 ],[-108.12239075  -48.87014389],10.504909764996997,10.56688978170203,10.351311750428888,9.415319442805773
43,9.789314271092792,10.250846869471392,10.529579166694605,[-76.58690643 -48.87021255],[-86.3762207 -48.8700676],[-96.62706757 -48.87043762],[-107.15664673  -48.87014389],10.69087810554543,10.80338861201739,10.667407100094136,9.838935852552684
44,9.774269112055327,10.261299138423796,10.604759218023851,[-75.508461   -48.87041473],[-85.2827301  -48.87001801],[-95.54402924 -48.87034225],[-106.14878845  -48.87015152],10.870672375381735,11.030735030179857,10.972648678698334,10.266050339935084
45,9.754730244184517,10.263938907382085,10.666557312372564,[-74.41234589 -48.8705864 ],[-84.16707611 -48.86996841],[-94.43101501 -48.87023926],[-105.09757233  -48.87015152],11.044427026621792,11.248815548136937,11.267103246480044,10.69955635280999
46,9.730987584037045,10.25891113528134,10.71462249756946,[-73.29914093 -48.8707428 ],[-83.03012848 -48.86991501],[-93.28903961 -48.87014008],[-104.00366211  -48.87012482],11.212300378324858,11.458305367598703,11.551546137355258,11.12350178113115
47,9.703262380967697,10.246688844211347,10.749839782782528,[-72.16946411 -48.87086868],[-81.87272644 -48.86986542],[-92.11941528 -48.87003708],[-102.86925507  -48.87007523],11.374443104449222,11.659077649756858,11.819428474135872,11.508643152944039
48,9.671943734072991,10.228027344723872,10.77448272769974,[-71.02383423 -48.87097168],[-80.69577789 -48.86981201],[-90.92380524 -48.86995316],[-101.69828796  -48.87007141],11.531001122643518,11.850826266273538,12.073595065835065,11.86790275677758
49,9.635002216978855,10.202980041949607,10.788223267967293,[-69.86522675 -48.87105179],[-79.50022888 -48.86980438],[-89.70320892 -48.86989975],[-100.49143219  -48.87007141],11.618458765991129,12.032477379577003,12.319054614973496,12.227939607572154
50,9.583366483365353,10.171264648524057,10.790260317288672,[-68.70401001 -48.87111282],[-78.2873764  -48.86980438],[-88.45864105 -48.86984634],[-99.24890137 -48.87007141],11.607034692653034,12.197343826999429,12.552268035936486,12.583226206106318
51,9.513023473943163,10.131919860846306,10.780754092119869,[-67.54657745 -48.87116623],[-77.05960083 -48.86980438],[-87.19152069 -48.86979294],[-97.97227478 -48.87003708],11.552937511822616,12.331992149935843,12.770961765204836,12.907733920038051
52,9.424568277997869,10.0830688477147,10.761802676284896,[-66.39569855 -48.87118912],[-75.82026672 -48.86980438],[-85.90333557 -48.86977005],[-96.66513824 -48.87002182],11.480545044998642,12.43313694045326,12.974467278525028,13.203450204308242
53,9.319900615566116,10.02333068853536,10.733139041038855,[-65.2525177  -48.87118912],[-74.57241821 -48.86980438],[-84.5957489  -48.86977005],[-95.32888794 -48.87002182],11.400835037484496,12.50613212621394,13.158802986492601,13.492128373443904
54,9.19600688031108,9.952163696348281,10.693527224643542,[-64.12276459 -48.87119675],[-73.31877136 -48.86980438],[-83.27093506 -48.86977005],[-93.96446228 -48.87002182],11.17738723762464,12.551495552348198,13.321330070729623,13.765055657996601
55,9.03504573106591,9.868286132886231,10.643058779924303,[-63.02772141 -48.87119675],[-72.06276703 -48.86980438],[-81.93105316 -48.86976624],[-92.57411194 -48.87002182],10.764013290428586,12.552993774630766,13.461658477884495,14.013886453474779
56,8.8319855833861,9.768295288160424,10.581428530918739,[-61.97821045 -48.87119675],[-70.81019592 -48.86980438],[-80.57849121 -48.86976624],[-91.15991974 -48.87002182],10.2867231370309,12.486046791226343,13.576011657727022,14.244421960935442
57,8.590652579275975,9.64804077154546,10.507392885550587,[-60.9776001  -48.87119675],[-69.56825256 -48.86980057],[-79.21629333 -48.86976624],[-89.72368622 -48.86998367],9.793667793585294,12.349741935816207,13.656605720520028,14.4552564644331
58,8.31690609317305,9.505073547425285,10.419601442619541,[-60.02621841 -48.87120056],[-68.34312439 -48.86980057],[-77.84819794 -48.86976624],[-88.26779938 -48.86997986],9.304530144920149,12.155733108532969,13.697282791152054,14.639767647551452
59,8.017116668868255,9.338043212953737,10.316619875258588,[-59.12322617 -48.87120056],[-67.14034271 -48.86980057],[-76.47838593 -48.86976624],[-86.7950058  -48.86997986],8.826582911295255,11.907402992248546,13.69542980200317,14.796088219528993
60,7.697815066641175,9.146064758365219,10.196990969034536,[-58.26734161 -48.87118912],[-65.96515656 -48.86980057],[-75.11122131 -48.86976624],[-85.30821228 -48.86997986],8.362240795270445,11.608921051046751,13.648486137540877,14.922277451327982
61,7.364959839203552,8.929260253972252,10.059272768381577,[-57.45717621 -48.87114334],[-64.82213593 -48.86980057],[-73.75139618 -48.86976624],[-83.81066895 -48.86997986],7.912123684031369,11.26841163644068,13.55375099211155,15.013896942822441
62,7.023811468684033,8.688648223944783,9.902282717148006,[-56.69128799 -48.87114334],[-63.71509933 -48.86980057],[-72.40374756 -48.86976624],[-82.30603027 -48.86997986],7.476253987259779,10.892203331197408,13.4106864934114,15.06768417421592
63,6.679069654019891,8.425704956159176,9.725143435133996,[-55.96827698 -48.87114334],[-62.6473465  -48.86980057],[-71.07305145 -48.86975861],[-80.79819489 -48.86997986],7.054520133360481,10.486844063172379,13.22011089401266,15.08140564024064
64,6.334293507802243,8.143005371166126,9.526718142217666,[-55.28673172 -48.87113571],[-61.62102509 -48.86979294],[-69.76403046 -48.86975861],[-79.2907486  -48.86997986],6.646858219839076,10.065961838343574,12.983188630602902,15.066755295350168
65,5.995250852276698,7.844001770094666,9.305847170598959,[-54.64194107 -48.87113571],[-60.63719177 -48.86979294],[-68.48119354 -48.86975861],[-77.78704071 -48.86997986],6.337181095941803,9.637065888540082,12.702823640827969,15.001676559947496
66,5.676658779412223,7.532535553002664,9.064880373434287,[-54.0194664  -48.87109375],[-59.69612503 -48.86979294],[-67.22866058 -48.86977386],[-76.29354095 -48.86997986],6.167337900867292,9.209877969476105,12.382925989792994,14.873646736580955
67,5.387966311196202,7.212970733646613,8.804985048536043,[-53.40924072 -48.87108612],[-58.79720688 -48.86979294],[-66.01017761 -48.86978531],[-74.81516266 -48.86997986],6.076437475573078,8.792514803288782,12.027276041438652,14.706609726312626
68,5.133995219982008,6.8897552490244935,8.526519777610144,[-52.80528259 -48.87108612],[-57.93927765 -48.86978912],[-64.8290329  -48.86978531],[-73.35555267 -48.86997986],6.0330100105704005,8.387786868168273,11.641590120812669,14.498560905735397
69,4.916938937079022,6.566959381121243,8.231582642945986,[-52.2040062  -48.87104797],[-57.12094498 -48.86981201],[-63.68790436 -48.86982727],[-71.919487   -48.86997604],6.017743594473346,7.998284820888574,11.231479647865847,14.241214752394884
70,4.760418130852598,6.236892700423966,7.922580720320284,[-51.59165955 -48.8711319 ],[-56.35207748 -48.86977768],[-62.58897018 -48.86983109],[-70.5115509  -48.86997604],6.81002668252215,6.834047352557938,10.803328515356808,13.942109108047001
71,4.77095049890238,5.851272583456709,7.600437165688993,[-50.91289139 -48.87107468],[-55.68384171 -48.86975861],[-61.53511429 -48.86983109],[-69.13555145 -48.86997604],6.781272117494169,6.584514618851535,10.325362207295099,13.605751991302645
72,4.796913284396246,5.496021271090861,7.266101838604162,[-50.23639679 -48.87091827],[-55.03330994 -48.86977005],[-60.52933121 -48.86983109],[-67.79543304 -48.86997604],6.76518834564676,6.418793203566552,9.859692575646825,13.22770881653109
73,4.839809533909991,5.16891098096925,6.925670625296331,[-49.56086349 -48.87080383],[-54.40067291 -48.86974335],[-59.56958389 -48.86983109],[-66.49525452 -48.86997604],6.761341628577071,6.23963499655663,9.40094185130064,12.812798500066577
74,4.89855966314537,4.871131897762818,6.5825004594449075,[-48.88546371 -48.87069321],[-53.78402328 -48.86973953],[-58.65515518 -48.86982727],[-65.23765564 -48.86997604],6.763664286613401,6.096686364772241,8.954262736405182,12.382313728373491
75,4.870674303961857,4.794933370465779,6.144783020322658,[-48.21389389 -48.87062454],[-53.08456802 -48.86933517],[-57.87950134 -48.87003708],[-64.02428436 -48.86997604],6.658731483307225,7.575451441126522,6.922717339707009,11.925739288437889
76,4.772125438459394,4.866508627566632,5.659519210275636,[-47.5622406  -48.87056351],[-52.33436584 -48.86920166],[-57.20087433 -48.87038422],[-62.86039352 -48.86997604],6.410461442898131,7.414856642975632,6.716085017809124,11.38004112263837
77,4.76316087090975,4.889629504259827,5.213565863495228,[-46.88728714 -48.87068176],[-51.65044785 -48.86942673],[-56.54007721 -48.87059784],[-61.75364304 -48.86997604],6.710497381239208,6.707503317624618,6.536342768552884,10.819974899616454
78,4.762096485854657,4.91284190087878,4.798858706918952,[-46.22554398 -48.87062073],[-50.98764038 -48.86974335],[-55.90048218 -48.87075424],[-60.69934082 -48.86996841],6.573568025809814,6.5761663041196945,6.3311868631204,10.304823875885143
79,4.761756938069705,4.757873880192297,4.81694083878073,[-45.56552124 -48.87052155],[-50.32727814 -48.86989594],[-55.08515167 -48.87170792],[-59.90209198 -48.8694458 ],7.327834137501853,7.311595855754806,6.759518399648096,7.554184928721413
80,4.762981504257622,4.8022314458952975,4.746441789256445,[-44.85063934 -48.87043381],[-49.61362076 -48.86951065],[-54.41585159 -48.87193298],[-59.16229248 -48.86900711],6.988605370573672,6.964720263435999,6.598540857298739,7.3120652566239235
81,4.762939471609192,4.7873233856436626,4.760335030130672,[-44.17325592 -48.87023926],[-48.93619537 -48.86981964],[-53.72351837 -48.87174606],[-58.48385239 -48.86863708],6.630456434102495,6.623223587383105,6.788039484066185,6.742146736579144
82,4.762702949595642,4.767162413865817,4.767090634978241,[-43.52505112 -48.86999512],[-48.28775406 -48.87026596],[-53.05491638 -48.87119675],[-57.82200623 -48.86845016],6.372431151717092,6.361682762229699,6.598883799676568,6.541380511679666
83,4.767589607673869,4.764381436113034,4.762444253086742,[-42.88953018 -48.86975861],[-47.65711975 -48.87036514],[-52.42150116 -48.87087631],[-57.1839447  -48.86827469],6.298810580984379,6.227003252020685,6.2430360645446585,6.218947680264824
84,4.758693872859927,4.76390075727733,4.7627379517832855,[-42.28360367 -48.86929703],[-47.04229736 -48.87059784],[-51.80619812 -48.87066269],[-56.56893539 -48.8681221 ],5.890829903240555,6.081025948392813,6.088637596936528,6.085882854879177
85,4.763283190507476,4.763999956125351,4.765186956915679,[-41.68620682 -48.86888123],[-46.44948959 -48.87086868],[-51.21348953 -48.87046432],[-55.97867584 -48.86798096],5.825466630252288,5.83568594765732,5.849101950498196,5.8889074675504895
86,4.763615226620477,4.7638359495781755,4.762829476316356,[-41.11093521 -48.86865616],[-45.87454987 -48.87099075],[-50.63838577 -48.8703537 ],[-55.4012146  -48.86786652],5.697458030626499,5.684529908460522,5.685575995327056,5.685068241773963
87,4.7641533163738545,4.7636299852537105,4.762860011942497,[-40.54962921 -48.86837387],[-45.31378174 -48.87111664],[-50.07741165 -48.87028885],[-54.840271   -48.86776733],5.560670858825582,5.538651167860569,5.542800931677791,5.542054274960965
88,4.766736371661531,4.763431691164357,4.762955379360773,[-40.00077057 -48.86783981],[-44.76750565 -48.87135315],[-49.53093719 -48.87018967],[-54.29389191 -48.86766815],5.4575693110608015,5.3843023785721,5.39274466275079,5.389862115672319
89,4.778257547101006,4.763305934798425,4.763058358121087,[-39.45907211 -48.86722565],[-44.23732758 -48.87168884],[-49.00063324 -48.87008286],[-53.76369095 -48.86759567],5.408342368843601,5.216913855199975,5.22727070450587,5.223096409195366
90,4.803454519703612,4.763248887380154,4.763165143993144,[-38.92035294 -48.86668396],[-43.72380447 -48.87203598],[-48.48705292 -48.86997986],[-53.25021744 -48.86754227],5.392513112807606,5.050396226082344,5.061942648090522,5.055634530450379
91,4.84085474062071,4.763062174811324,4.763050699191769,[-38.38205338 -48.86624908],[-43.22290421 -48.87240219],[-47.98596573 -48.86991119],[-52.74901581 -48.86748123],5.396725707121335,4.888937128937089,4.892876163544863,4.89219242605285
92,4.889870728447504,4.762646615491528,4.763004948388784,[-37.84266281 -48.86590576],[-42.73252869 -48.8727951 ],[-47.49517441 -48.86987686],[-52.25817871 -48.86739731],5.412564343536957,4.910061340239378,4.910110951167823,4.910543983340966
93,4.946592468991205,4.762841494682564,4.7629363038591315,[-37.30130386 -48.86564255],[-42.24789047 -48.87325668],[-47.01073074 -48.86984253],[-51.77366638 -48.86732483],5.434924842440554,4.769145772844209,4.768475539213067,4.7685948002837035
94,5.0207968926595195,4.763082179985061,4.763043152158025,[-36.75750351 -48.86546707],[-41.77829361 -48.87372589],[-46.54137421 -48.86984253],[-51.30441666 -48.86725616],5.460818833920722,4.646302189205252,4.646247898063343,4.64588934405406
95,5.107502035046504,4.763349610855761,4.763016506323008,[-36.21101379 -48.86535645],[-41.31850815 -48.87421417],[-46.08185577 -48.86986542],[-50.84487152 -48.86717606],5.488526347407617,4.55448027430378,4.553681447125244,4.553953714359077
96,5.2033890742853774,4.7635903612057096,4.762905950610895,[-35.66571045 -48.86532211],[-40.86909103 -48.87472153],[-45.63267899 -48.86993027],[-50.39558411 -48.86711884],5.4129643614199265,4.437962934033421,4.437580239257554,4.437990724395635
97,5.295335600131851,4.763926638533598,4.762902195491908,[-35.13638306 -48.865345  ],[-40.43170929 -48.87530518],[-45.19563293 -48.8699646 ],[-49.95853424 -48.86705399],5.211094936576869,4.324706121645458,4.31767906964765,4.317812924384201
98,5.373221447556222,4.766407204410853,4.762944120246752,[-34.63092804 -48.86540985],[-40.00413895 -48.87605286],[-44.77054214 -48.86987305],[-49.53348541 -48.86702347],4.914268659441711,4.2375215369274555,4.196422269715346,4.196313599878449
99,5.380958657969505,4.771687712663258,4.763005117035618,[-34.20510864 -48.86552048],[-39.58605576 -48.87666702],[-44.35773849 -48.86977768],[-49.1207428  -48.86699295],3.724216482654564,4.127864460926152,4.072454702242136,4.072514386192809
100,5.2844898746374325,4.773164912948364,4.7630622848383135,[-33.8997612  -48.86560822],[-39.18423843 -48.87716675],[-43.95739746 -48.86967087],[-48.72045898 -48.86697769],2.506046875775831,3.9172439943870634,3.9474907017899734,3.9479839614574406
101,5.075654542211045,4.762530362865229,4.763096580881923,[-33.73166656 -48.8661232 ],[-38.8073082  -48.87757111],[-43.56983185 -48.8695755 ],[-48.3329277  -48.86694717],0.7091130880598189,3.650358017638189,3.8176341600113326,3.8176268373807414
102,4.749937807943824,4.762166859936499,4.735565697075503,[-33.72709274 -48.86560822],[-38.47701263 -48.87865448],[-43.23917007 -48.86918259],[-47.97473526 -48.86698151],0.1536817923343984,0.5017023955075872,0.3059562334867735,3.484804865634859
103,4.736255178703986,4.7779492402493,4.75391474721275,[-33.72364044 -48.86771774],[-38.45988083 -48.87955475],[-43.23781967 -48.86958694],[-47.99173355 -48.86671448],0.0012231638587503633,0.16092188372171193,0.0940713812245914,0.0008883195834187787
104,4.737758596729701,4.777045350876784,4.756527821287809,[-33.72123337 -48.86764908],[-38.45897675 -48.87965775],[-43.23601151 -48.86959839],[-47.99253845 -48.86671448],0.0013815461070422837,0.004242552763122351,0.0007952221972506092,0.029934093966688686
105,4.740452026386718,4.774741391652429,4.758484783897659,[-33.7195282  -48.86762238],[-38.45996475 -48.87973404],[-43.23469543 -48.86962128],[-47.99317932 -48.86669922],0.0009127788630587482,0.008232485192148057,0.019359240975381983,0.0011038161084152432
106,4.742672339006876,4.774367319119156,4.759179120598812,[-33.71816254 -48.86756897],[-38.46081924 -48.87974548],[-43.23517609 -48.86974335],[-47.99435425 -48.86672211],0.0020985113461947564,0.0037931816546259317,0.01675074701202249,0.010290451411960083
107,4.749222094026526,4.772452505802975,4.7606782391009865,[-33.71245193 -48.8675766 ],[-38.46165848 -48.87973022],[-43.23410034 -48.86965179],[-47.99477768 -48.86672211],0.008732234574092014,0.002322581576217039,0.006417201999117255,0.0029088513043969526
108,4.760952494209565,4.769122314791451,4.762535986955665,[-33.70227432 -48.86748123],[-38.46321106 -48.87973022],[-43.23232269 -48.86963654],[-47.99485779 -48.86672211],0.1247606179644759,0.0018873080398224644,0.006446605612540062,0.0005080755945600516
109,4.7852140750070316,4.766814622858603,4.763943552595003,[-33.67911148 -48.8674202 ],[-38.46430969 -48.87974167],[-43.23111343 -48.86955643],[-47.99505615 -48.86673737],0.3066068973046423,0.0012909224238449636,0.00430359641642044,0.037830595686673296
110,4.827661060690219,4.765445453425796,4.764023539603869,[-33.63737488 -48.86705017],[-38.46501923 -48.87975311],[-43.23045349 -48.86942673],[-47.99447632 -48.86682129],0.5215768697363147,0.0008938172619191021,0.0013878779281150818,0.010956927671568294
111,4.8884640339675105,4.766746278674124,4.764496553674324,[-33.57472992 -48.86676788],[-38.46317673 -48.87974548],[-43.2299118  -48.86941147],[-47.99440765 -48.86682129],0.7376111379824943,0.019925578103902025,0.005062420379589619,0.00021684014042162153
112,4.9684778892170325,4.768939774101946,4.764279103573754,[-33.49255371 -48.86645889],[-38.46101379 -48.87976074],[-43.22994232 -48.86940384],[-47.99422073 -48.86683655],0.9287762594532241,0.024520180107925258,0.00017743971527579255,0.043584830684460764
113,5.0695296543095685,4.771068370158667,4.764542307407629,[-33.38946533 -48.8661499 ],[-38.45897675 -48.8797493 ],[-43.23003387 -48.8693924 ],[-47.9945755  -48.86684418],1.1046665995018377,0.02669163650348324,0.00011475831665443508,0.04891325548298339
114,5.189524459856687,4.773212233251651,4.764294341957413,[-33.26736832 -48.86610413],[-38.45687485 -48.87974548],[-43.23007584 -48.86938477],[-47.99436951 -48.86685562],1.3120650079037164,0.025151882162084974,6.598795501936835e-05,0.053380203918820604
115,5.32555645991894,4.778968523572807,4.764813138689147,[-33.12560654 -48.86593246],[-38.45114517 -48.87971115],[-43.23010254 -48.86938477],[-47.99491501 -48.86685944],1.493171272075491,0.0861296260283084,3.752373746283924e-05,4.854638633816271e-05
116,5.4737089656784885,4.7951395112255835,4.763924308298409,[-32.96133804 -48.86554718],[-38.43502808 -48.87994385],[-43.23015594 -48.86937714],[-47.99407959 -48.86686325],1.7092118407016097,0.18070752721308048,4.1771637765178e-05,0.045560121456741084
117,5.626969139345919,4.819599594048968,4.764530839054761,[-32.78361893 -48.86513901],[-38.41056824 -48.88007736],[-43.23015594 -48.86937332],[-47.99468613 -48.86687088],1.7270751329423966,0.2852994097223275,4.419650917677556e-05,4.9989211107431624e-05
118,5.763836980607951,4.851257588300547,4.764702496407157,[-32.61507797 -48.86478806],[-38.37889481 -48.88002777],[-43.23014069 -48.86936951],[-47.99484253 -48.86687469],1.5789765952713013,0.3489237884871315,2.974103002281715e-05,0.045880416679302816
119,5.806569757713608,4.890934351564859,4.764149365379473,[-32.53265762 -48.86461639],[-38.3392067  -48.88011551],[-43.23012924 -48.86936951],[-47.99427795 -48.86687469],0.0006790193651164189,0.4041738095869761,1.740311192373265e-05,2.0423124788992308e-05
120,5.802003540624835,4.895489055645992,4.76415699277687,[-32.53266525 -48.86461639],[-38.33464813 -48.88010025],[-43.23012543 -48.86936951],[-47.99428177 -48.86687851],0.00016754535946532408,2.6141166021046228e-05,9.981795542607295e-06,1.147424514799129e-05
121,5.799516387242705,4.898128836535844,4.764160807473615,[-32.53251266 -48.86461639],[-38.33200836 -48.88010788],[-43.23012543 -48.86936951],[-47.99428558 -48.86687851],0.0001509915088553157,0.0012543314848005632,5.837754643945892e-06,6.334593613291313e-06
122,5.79857416038012,4.899177875763391,4.764164622170359,[-32.53240204 -48.86461639],[-38.33095551 -48.88010788],[-43.23012161 -48.86936951],[-47.99428558 -48.86687851],9.082482227381727e-05,1.8084196980413824e-05,1.139579221773039e-06,3.4604125410835513e-06
123,5.798555086961861,4.899196949203901,4.764168436867103,[-32.53240204 -48.86461639],[-38.33093643 -48.88010788],[-43.23012161 -48.86936951],[-47.9942894  -48.86687851],0.0,1.4899647834330503e-05,5.959023659377699e-07,2.009464371258604e-06
124,5.798639010002207,4.899208393268208,4.764168436867103,[-32.53230667 -48.86461639],[-38.33092499 -48.88010788],[-43.23012161 -48.86936951],[-47.9942894  -48.86687851],3.0883832488481554e-05,8.790919151919392e-06,4.236920287224377e-07,1.2757065188261164e-06
125,5.798658083420468,4.89921220795631,4.764168436867103,[-32.53228378 -48.86461639],[-38.33092117 -48.88010788],[-43.23012161 -48.86936951],[-47.9942894  -48.86687851],2.0149391000539166e-05,4.89168146560601e-06,2.7456753906593566e-07,1.0553516007684237e-06
126,5.798669527471426,4.899219845695258,4.764168434874074,[-32.53226471 -48.86461639],[-38.33091354 -48.88010788],[-43.23012161 -48.86936569],[-47.9942894  -48.86687851],1.1442861560974861e-05,2.6762539333310177e-06,1.4999391556502185e-07,2.269203212333636e-07
127,5.79867715683873,4.899219845695258,4.764168434874074,[-32.53225708 -48.86461639],[-38.33091354 -48.88010788],[-43.23012161 -48.86936569],[-47.9942894  -48.86687851],6.304187587435965e-06,1.5633643936045787e-06,9.351980158979289e-08,4.036664681554224e-07
128,5.7991692510300465,4.899219845695258,4.764168434874074,[-32.53176498 -48.86461639],[-38.33091354 -48.88010788],[-43.23012161 -48.86936569],[-47.9942894  -48.86687851],0.03570679440468779,1.0409793465036129e-06,4.5979340120507636e-08,1.7894339559411287e-07
129,5.802983944878628,4.899219845695258,4.764168434874074,[-32.52795029 -48.86461258],[-38.33091354 -48.88010788],[-43.23012161 -48.86936569],[-47.9942894  -48.86687851],0.1263342931530801,5.842839338904244e-07,4.564935035389021e-08,5.828175170233359e-08
130,5.820897811424252,4.899219845695258,4.764168434874074,[-32.51003647 -48.86457062],[-38.33091354 -48.88010788],[-43.23012161 -48.86936569],[-47.9942894  -48.86687851],0.27024750635664263,3.4382202915102266e-07,1.058114924147392e-08,3.6054566595918583e-08
131,5.858465131945787,4.899219845695258,4.764168434874074,[-32.47246933 -48.86445236],[-38.33091354 -48.88010788],[-43.23012161 -48.86936569],[-47.9942894  -48.86687851],0.46398964195702574,5.749842335093985e-07,2.62405149727665e-08,1.1181324627285658e-08
132,5.917321867814065,4.898674345297708,4.764168434874074,[-32.41415787 -48.86445999],[-38.33145905 -48.88010788],[-43.23012161 -48.86936569],[-47.9942894  -48.86687851],0.6821356566126228,0.04380190131870892,2.7120151657137748e-08,1.1619480927664317e-08
133,5.997483749242631,4.898067809890985,4.764168434874074,[-32.33460236 -48.86441803],[-38.33206558 -48.88010788],[-43.23012161 -48.86936569],[-47.9942894  -48.86687851],0.8704941458390494,1.0762035577276477e-06,1.4375748180271322e-08,3.749123291385056e-08
134,6.09746715164376,4.897652008889101,4.764168434874074,[-32.23503494 -48.86421585],[-38.33248138 -48.88010788],[-43.23012161 -48.86936569],[-47.9942894  -48.86687851],1.089242702959378,0.04596796366306178,3.148674793607744e-08,2.436675421333457e-08
135,6.217023958029089,4.897587159191574,4.764168434874074,[-32.11554337 -48.86391449],[-38.33254623 -48.88010788],[-43.23012161 -48.86936569],[-47.9942894  -48.86687851],1.2963473525918405,0.05057208206819767,1.8860628200199637e-09,1.6972720906480899e-09
136,6.357064310226994,4.898201323974195,4.764168434874074,[-31.97488976 -48.86338425],[-38.33193207 -48.88010788],[-43.23012161 -48.86936569],[-47.9942894  -48.86687851],1.5333008893879052,0.061590789367995065,3.261730652462688e-08,6.626137522655121e-09
137,6.509118741097066,4.908005097478742,4.764168434874074,[-31.81303215 -48.86296844],[-38.3221283  -48.88011932],[-43.23012161 -48.86936569],[-47.9942894  -48.86687851],1.740572351457522,0.1873611878140522,5.3157054333422544e-08,3.7149879633279823e-09
138,6.666174434511938,4.933296571600051,4.764168434874074,[-31.63068581 -48.86250305],[-38.29683685 -48.88016129],[-43.23012161 -48.86936569],[-47.9942894  -48.86687851],1.9409763598374774,0.3017852138954129,2.7157795559040503e-08,3.6234493349372037e-09
139,6.8232184824350846,4.971214481375634,4.764168434874074,[-31.43572426 -48.86203003],[-38.25891876 -48.88011932],[-43.23012161 -48.86936569],[-47.9942894  -48.86687851],1.961754548484464,0.4114220301047609,2.7336459318186492e-08,4.51539847489011e-09
140,6.956749053620489,5.022842712680055,4.764168434874074,[-31.25056648 -48.86162186],[-38.20729065 -48.88022995],[-43.23012161 -48.86936569],[-47.9942894  -48.86687851],1.8136421687625355,0.6032848713057382,7.61646437281208e-10,1.2523052343325425e-09
141,7.054816218683413,5.09133180090303,4.764168434874074,[-31.08401108 -48.86125946],[-38.13880157 -48.88031006],[-43.23012161 -48.86936569],[-47.9942894  -48.86687851],1.5399762135196031,0.7114772926431763,6.178956606620815e-08,3.0354886161644527e-09
142,7.01546273733334,5.168728392120689,4.764168434874074,[-31.04596901 -48.86117935],[-38.06140518 -48.88048553],[-43.23012161 -48.86936569],[-47.9942894  -48.86687851],0.0001086634533881074,0.8405455923894434,3.364066762674292e-08,1.4265665449155765e-09
143,6.993804031969687,5.190507279879327,4.764168434874074,[-31.04585075 -48.86117935],[-38.03962708 -48.880867  ],[-43.23012161 -48.86936569],[-47.9942894  -48.86687851],0.0001940606934134696,0.00010470429906132207,3.040584955502668e-08,9.967789848696654e-10
144,6.990252562894078,5.19421134183736,4.764168434874074,[-31.04569817 -48.86117935],[-38.035923 -48.880867],[-43.23012161 -48.86936569],[-47.9942894  -48.86687851],0.0001410890327843915,0.08603105566299074,7.741416522263661e-10,1.0101828155413884e-09
145,6.989544939358166,5.195023870363358,4.764168434874074,[-31.04559326 -48.86117935],[-38.03511047 -48.880867  ],[-43.23012161 -48.86936569],[-47.9942894  -48.86687851],8.206972389145703e-05,4.722107815169319e-05,3.463103505421421e-08,1.2122039627160342e-09
146,6.986868939846097,5.197751372227481,4.764168434874074,[-31.04554176 -48.86117935],[-38.03238297 -48.880867  ],[-43.23012161 -48.86936569],[-47.9942894  -48.86687851],2.3800087866570423e-05,0.09199473594177952,3.251527204626285e-08,1.1843432139750351e-09
147,6.987008175743531,5.1976445609655375,4.764168434874074,[-31.04550934 -48.86117935],[-38.03248978 -48.880867  ],[-43.23012161 -48.86936569],[-47.9942894  -48.86687851],2.9387483956476847e-05,1.5637145840290358e-05,1.1447719352426685e-08,1.9866722041800236e-09
148,6.982993222819528,5.201684315487244,4.764168434874074,[-31.04548454 -48.86117935],[-38.02845001 -48.880867  ],[-43.23012161 -48.86936569],[-47.9942894  -48.86687851],1.8249140188011862e-05,0.08663821786015445,1.5067539645984935e-09,1.1004135262364992e-09
149,6.9840136502830354,5.201505025154038,4.764168434874074,[-31.0446434  -48.86117935],[-38.0286293 -48.880867 ],[-43.23012161 -48.86936569],[-47.9942894  -48.86687851],0.031366044128213276,3.4318718500046395e-06,2.7373211883627597e-08,9.14641842609367e-10
150,6.984181528564871,5.20548757623351,4.764168434874074,[-31.04049301 -48.86117554],[-38.02464676 -48.88087463],[-43.23012161 -48.86936569],[-47.9942894  -48.86687851],0.12896177805143405,0.08617206415071028,1.191172840589399e-07,1.0495306093818717e-09
151,6.999154166640432,5.209283190742693,4.764168434874074,[-31.0217247  -48.86117172],[-38.02085114 -48.88087463],[-43.23012161 -48.86936569],[-47.9942894  -48.86687851],0.2641203930670389,0.08704377465603443,2.851085568370913e-08,1.931234392990494e-10
152,7.033315172075243,5.214211767592848,4.764168434874074,[-30.9826355 -48.8609848],[-38.01592255 -48.88087463],[-43.23012161 -48.86936569],[-47.9942894  -48.86687851],0.4885918362800153,0.11377159444048725,1.0669576494196034e-09,3.389428165263025e-10
153,7.07603062446454,5.230012171738983,4.764168434874074,[-30.92411995 -48.86077499],[-38.00012207 -48.88085938],[-43.23012161 -48.86936569],[-47.9942894  -48.86687851],0.6927125450840063,0.1866660423399289,1.1994311956561345e-09,8.504207650552624e-10
154,7.130602260771564,5.25546004798136,4.764168434874074,[-30.84410095 -48.860569  ],[-37.97467422 -48.88090134],[-43.23012161 -48.86936569],[-47.9942894  -48.86687851],0.8655218552456094,0.2742115964169272,5.908194455197907e-09,6.716270383196324e-10
155,7.195738855791055,5.2912686840459955,4.764168434874074,[-30.74315643 -48.86032486],[-37.93886566 -48.88097382],[-43.23012161 -48.86936569],[-47.9942894  -48.86687851],1.0894773047642363,0.36804314262241056,3.661313573914762e-08,1.5319437886580697e-10
156,7.265862329132592,5.340879003953831,4.764168434874074,[-30.62342262 -48.86043167],[-37.88925552 -48.88111115],[-43.23012161 -48.86936569],[-47.9942894  -48.86687851],1.2592438536663013,0.5457315143163091,4.799014499143107e-10,7.845451344785075e-10
157,7.347226036615885,5.400537086641834,4.764168434874074,[-30.48240089 -48.86038589],[-37.82959747 -48.88119125],[-43.23012161 -48.86936569],[-47.9942894  -48.86687851],1.4771924626604847,0.6673273969536201,3.0394405198052493e-09,3.113595810033197e-10
158,7.44127757187257,5.468755463365663,4.764168434874074,[-30.3201313  -48.86033249],[-37.76137924 -48.8813324 ],[-43.23012161 -48.86936569],[-47.9942894  -48.86687851],1.6872887710198332,0.7611590084437607,7.132704302719535e-09,1.0156017518470699e-10
159,7.542813140284733,5.549970242444427,4.764168434874074,[-30.1373806  -48.86030197],[-37.68016434 -48.88136292],[-43.23012161 -48.86936569],[-47.9942894  -48.86687851],1.8907694816591378,0.8725445365089713,2.91677820726136e-08,6.999013666767312e-10
160,7.640196570405147,5.647870562723743,4.764168434874074,[-29.94209671 -48.86026382],[-37.58226395 -48.88143539],[-43.23012161 -48.86936569],[-47.9942894  -48.86687851],1.9014421794406011,1.035726405054761,1.8207579420709365e-08,2.895103912829418e-10
161,7.711815900069497,5.761750916750118,4.764168434874074,[-29.75659752 -48.86027145],[-37.46838379 -48.88164902],[-43.23012161 -48.86936569],[-47.9942894  -48.86687851],1.7478624982618793,1.1846952683856486,3.5630250287189805e-08,4.485302913768548e-10
162,7.7487178465243,5.88913151080629,4.764168434874074,[-29.59231567 -48.86029053],[-37.34100342 -48.88188934],[-43.23012161 -48.86936569],[-47.9942894  -48.86687851],1.2947993644160782,1.3080720268608923,3.0405904748982434e-09,8.901112098567374e-11
163,7.639076856756074,6.0252209827996515,4.764168434874074,[-29.56586838 -48.86029053],[-37.20491409 -48.88210297],[-43.23012161 -48.86936569],[-47.9942894  -48.86687851],3.392225975052014e-05,1.3657525779153479,7.043126808475868e-08,3.051521114075201e-10
164,7.586782403724527,6.07765462620815,4.764168434874074,[-29.56573105 -48.86029053],[-37.15248108 -48.88245392],[-43.23012161 -48.86936569],[-47.9942894  -48.86687851],0.00019423815245601285,0.00028412289363089475,6.880065167383598e-08,1.1978400083677842e-10
165,7.578805783218055,6.085779822469143,4.764168434874074,[-29.56558228 -48.86029053],[-37.14435577 -48.88241196],[-43.23012161 -48.86936569],[-47.9942894  -48.86687851],0.00013562379730369472,0.21765087304764733,2.525597253973813e-09,3.591554685200828e-10
166,7.577688092818353,6.086996716278521,4.764168434874074,[-29.56548309 -48.86029053],[-37.14313889 -48.88241577],[-43.23012161 -48.86936569],[-47.9942894  -48.86687851],7.832370516130001e-05,9.428551558171118e-05,3.209264013415855e-08,7.194489065386765e-10
167,7.575805547744315,6.088926948660234,4.764168434874074,[-29.56543541 -48.86029053],[-37.14120865 -48.88241577],[-43.23012161 -48.86936569],[-47.9942894  -48.86687851],2.755976541576462e-05,0.09381544529521971,7.900187083571767e-08,6.232811149497971e-10
168,7.563867492486905,6.1008974330817125,4.764168434874074,[-29.56540298 -48.86029053],[-37.12923813 -48.88241196],[-43.23012161 -48.86936569],[-47.9942894  -48.86687851],2.8630819027383094e-05,0.20091045680834535,1.7353894475829464e-08,4.3887390116799594e-10
169,7.541814889352993,6.12297308467652,4.764168434874074,[-29.5653801  -48.86029053],[-37.10716248 -48.88243484],[-43.23012161 -48.86936569],[-47.9942894  -48.86687851],1.7475565273286812e-05,0.2946734651708421,2.5742865523928837e-09,8.328330406082474e-10
170,7.509857852841001,6.155753029855146,4.764168434874074,[-29.56455803 -48.86029053],[-37.07438278 -48.88258743],[-43.23012161 -48.86936569],[-47.9942894  -48.86687851],0.031590164736831024,0.3564264218602656,3.636701113705215e-08,8.897755726080538e-10
171,7.473681685282785,6.196063096957702,4.764168434874074,[-29.5604248  -48.86029053],[-37.03407288 -48.88270569],[-43.23012161 -48.86936569],[-47.9942894  -48.86687851],0.12875621228913856,0.4321730650173349,1.6048344975459136e-08,8.664956125919521e-10
172,7.442965835682032,6.245058866479303,4.764168434874074,[-29.54214478 -48.86026382],[-36.9850769  -48.88266373],[-43.23012161 -48.86936569],[-47.9942894  -48.86687851],0.2754027321766058,0.4925879914649873,6.720138916098487e-08,7.427178949406496e-10
173,7.4253881250223435,6.302645182580832,4.764168434874074,[-29.50213623 -48.86004639],[-36.92749023 -48.88255692],[-43.23012161 -48.86936569],[-47.9942894  -48.86687851],0.5263342420930058,0.6027665797500914,2.1746981338780887e-09,1.773704582768047e-10
174,7.419928593130962,6.368158368417798,4.764168434874074,[-29.44208145 -48.86014938],[-36.86197662 -48.88241959],[-43.23012161 -48.86936569],[-47.9942894  -48.86687851],0.7041951454310639,0.7242474880310932,3.009417853950114e-08,1.643354725143992e-10
175,7.42772869393404,6.44119780346103,4.764168434874074,[-29.36124039 -48.86024857],[-36.78893661 -48.88220978],[-43.23012161 -48.86936569],[-47.9942894  -48.86687851],0.912230607057999,0.7831050623041584,4.5818334844924035e-08,2.62583247223261e-10
176,7.447444154875284,6.522171828313105,4.764168434874074,[-29.26054955 -48.86029053],[-36.70796204 -48.8820076 ],[-43.23012161 -48.86936569],[-47.9942894  -48.86687851],1.059749853309067,0.8834070234952042,9.723039654464095e-08,6.975596980839055e-10
177,7.478590882331037,6.612236417171652,4.764168434874074,[-29.13933754 -48.86021042],[-36.61789703 -48.8818779 ],[-43.23012161 -48.86936569],[-47.9942894  -48.86687851],1.2712609981638352,0.9800708815215143,4.6187141340184764e-10,1.686526434768143e-10
178,7.520292442549568,6.712398506110765,4.764168434874074,[-28.99747276 -48.86026764],[-36.51773453 -48.8817482 ],[-43.23012161 -48.86936569],[-47.9942894  -48.86687851],1.483575489636251,1.0884539380432863,3.541054701452603e-08,2.6570360434491897e-10
179,7.57066655579162,6.824801891995915,4.764168434874074,[-28.83469391 -48.86034012],[-36.40533066 -48.88158417],[-43.23012161 -48.86936569],[-47.9942894  -48.86687851],1.691594086419935,1.179952249252514,2.153562134456965e-08,6.427301788940191e-10
180,7.62686368569988,6.951739278737342,4.764168434874074,[-28.65155792 -48.86045837],[-36.27839279 -48.88142395],[-43.23012161 -48.86936569],[-47.9942894  -48.86687851],1.8943727161512327,1.3123328104318364,2.063432105771373e-08,1.6868276687500715e-10
181,7.682736973445706,7.091494276306695,4.764168434874074,[-28.4559288 -48.860569 ],[-36.13863754 -48.88139725],[-43.23012161 -48.86936569],[-47.9942894  -48.86687851],1.9047626379792473,1.4437260878248048,6.843283844503925e-08,1.5525720564073565e-10
182,7.714979959381436,7.245062176330517,4.764168434874074,[-28.27011681 -48.86071014],[-35.98506927 -48.88130569],[-43.23012161 -48.86936569],[-47.9942894  -48.86687851],1.7510418871005873,1.5728253380485426,3.4375572873455404e-08,5.166418602393886e-10
183,7.714940923692258,7.4080941805346185,4.765747717337585,[-28.10552406 -48.86084366],[-35.82043839 -48.88110352],[-43.22852325 -48.86935806],[-47.99427032 -48.86687469],1.2977881932862871,1.6720894064747562,0.0629480968126122,2.993634424395334e-06
184,7.570071520683056,7.5799722083151755,4.765343357495901,[-28.0789299  -48.86086655],[-35.64897537 -48.88072586],[-43.22893906 -48.86935806],[-47.99428177 -48.86687851],3.445912898088947e-05,1.7109002298951708,1.0060406311511053e-05,7.932463297017213e-06
185,7.412549111727154,7.738003082829817,4.76497714660798,[-28.07879066 -48.86086655],[-35.49131393 -48.88043976],[-43.22930908 -48.86935806],[-47.99428558 -48.86687851],0.00019461724923463882,1.0469452086104327,0.046514251056051406,5.17592189175613e-06
186,7.395768428263191,7.754669538207317,4.765244175380422,[-28.07864189 -48.86086655],[-35.47438431 -48.88048172],[-43.22904587 -48.86935806],[-47.9942894  -48.86687851],0.00013597069314350477,4.692649256180158e-06,0.05859241213769859,2.9369507167410496e-06
187,7.39045081977489,7.760536580373064,4.764794041164022,[-28.07854271 -48.86087418],[-35.46896744 -48.88051224],[-43.229496   -48.86935806],[-47.9942894  -48.86687851],7.850181413641326e-05,0.09766234099781282,2.2515077169264097e-06,1.6216833561472375e-06
188,7.389491426800095,7.761543659411103,4.76480167055752,[-28.07849503 -48.86087418],[-35.46796036 -48.88051224],[-43.229496   -48.86935806],[-47.99429703 -48.86687851],2.7616290366989192e-05,0.00011203641902231275,1.5141359766548832e-06,8.896394190148059e-07
189,7.386187859952051,7.764877674004409,4.76480167055752,[-28.07846451 -48.86087418],[-35.46462631 -48.88049316],[-43.229496   -48.86935806],[-47.99429703 -48.86687851],2.8706108959482966e-05,0.057246773521358506,4.974093343950091e-07,4.827024239810137e-07
190,7.372590399305718,7.778499933039763,4.76480167055752,[-28.07843971 -48.86087418],[-35.45100403 -48.88048553],[-43.229496   -48.86935806],[-47.99429703 -48.86687851],1.7518727849409e-05,0.20475218897602362,3.9036185516502506e-07,2.787554434033882e-07
191,7.3432819911085225,7.808632093079624,4.76480167055752,[-28.07761574 -48.86087418],[-35.42087173 -48.88041306],[-43.229496   -48.86935806],[-47.99429703 -48.86687851],0.031572548388688816,0.36096745219847537,1.2837087491860355e-07,1.4682852771520278e-07
192,7.310601058273,7.845447406833336,4.76480167055752,[-28.07348061 -48.86086655],[-35.38405609 -48.88020325],[-43.229496   -48.86935806],[-47.99429703 -48.86687851],0.12876049861421085,0.38629767072820814,3.959294279123867e-07,9.815486919345728e-08
193,7.289442541071507,7.885657889281695,4.76480167055752,[-28.0544281  -48.86085892],[-35.34384537 -48.88005447],[-43.229496   -48.86935806],[-47.99429703 -48.86687851],0.30331381875031954,0.4583145546974212,7.795275200454132e-08,6.895101816262837e-08
194,7.277297547622529,7.936514926478204,4.764462148724791,[-28.01601219 -48.86083984],[-35.29328537 -48.879673  ],[-43.22979355 -48.86932373],[-47.99425507 -48.86687088],0.45920774940806997,0.5886981330343795,0.051290231065131,1.0018497185652047e-05
195,7.276570095921709,7.996634149102036,4.763947162699609,[-27.95714569 -48.8608551 ],[-35.23369217 -48.87939453],[-43.23031998 -48.86932373],[-47.99426651 -48.86687469],0.6886806068918541,0.6049184535554923,2.7394652362669495e-05,1.36408665326706e-05
196,7.28727265908254,8.062967359059469,4.766670856187569,[-27.87734604 -48.86101532],[-35.16459656 -48.87897873],[-43.22755814 -48.86932373],[-47.99422836 -48.86687469],0.9045111802399739,0.7607549697057023,0.07447010098574636,1.7259881649491344e-05
197,7.30642247970769,8.142789218408407,4.769043595616347,[-27.77602196 -48.86122131],[-35.08242416 -48.87843323],[-43.22520828 -48.86931992],[-47.99425125 -48.86687469],1.1036952122276715,0.8371795291071141,0.0711027931391364,2.5042655527498184e-05
198,7.333184931835969,8.233177852234409,4.7711569376238385,[-27.65677452 -48.86130142],[-34.98994064 -48.87791061],[-43.22311401 -48.86931992],[-47.99427032 -48.86687469],1.2845818527425021,0.9541968885112154,0.0698816397596605,1.577371272360376e-05
199,7.368602658158415,8.332900934917626,4.774899153198363,[-27.51790428 -48.86136246],[-34.88648987 -48.87722397],[-43.21938705 -48.86931992],[-47.99428558 -48.86687851],1.5241248785615114,1.0604051460053088,0.018341795018475285,8.884869474252958e-06
200,7.415639465615133,8.429045828235619,4.793102897892414,[-27.3565197  -48.86162949],[-34.77214432 -48.87646866],[-43.20118713 -48.8693428 ],[-47.9942894  -48.86687851],1.737954747760237,1.2219699566763702,0.30079573695831735,5.17541697665007e-06
201,7.470360931862428,8.554960614292382,4.794689843503555,[-27.17430115 -48.86193085],[-34.64464951 -48.87563705],[-43.19960785 -48.86940384],[-47.99429703 -48.86687851],1.9403667699414926,1.3101893421740212,1.9250536817124698e-05,3.4958014441464835e-06
202,7.525381726260473,8.694871568020178,4.794693658200291,[-26.97936249 -48.86225891],[-34.50473404 -48.87463379],[-43.19960403 -48.86940384],[-47.99429703 -48.86687851],1.9617344010029498,1.4576189418891483,1.0263772366816076e-05,1.9723724620255264e-06
203,7.553785756327224,8.848881768174202,4.797451683941013,[-26.79419136 -48.86257553],[-34.34796906 -48.87361145],[-43.19684982 -48.86940384],[-47.99430084 -48.86687851],1.8138011713660074,1.617609999256228,0.015534579636476222,1.1030457295417843e-06
204,7.551596329639378,9.004150993843831,4.81094425832012,[-26.62761688 -48.86288071],[-34.17920685 -48.87268448],[-43.18335724 -48.86938858],[-47.99430084 -48.86687851],1.5401918042868812,1.708463234240229,0.2783151471402158,5.775970093372922e-07
205,7.413877125106711,9.136207965241264,4.854660597366221,[-26.58956146 -48.86295319],[-34.00343323 -48.87186813],[-43.13964081 -48.86921692],[-47.99430084 -48.86687851],0.00010887129349296606,1.7676799229864366,0.5665708718292254,4.152066438904671e-07
206,7.2399032497020555,9.246307603358765,4.918652048025476,[-26.58944321 -48.86295319],[-33.82934189 -48.87108612],[-43.07564926 -48.86902237],[-47.99430084 -48.86687851],0.0001939687767549231,1.553450570029783,0.7303026175384797,2.396276428314094e-07
207,7.146126224281631,9.258510759523693,5.000378091996108,[-26.58929062 -48.86295319],[-33.7354126 -48.8707428],[-42.99392319 -48.86896896],[-47.99430084 -48.86687851],0.0001410529990138095,0.954107735862675,0.8796218676989117,1.6549298539863958e-07
208,7.042374180185369,9.260246432447603,5.1025013869850495,[-26.58918381 -48.86295319],[-33.63155365 -48.8707695 ],[-42.89179993 -48.86907196],[-47.99430084 -48.86687851],8.202548031088734e-05,1.1752070285686917,1.1057626385428183,6.438587508918853e-08
209,7.003130086948143,9.183410747783746,5.218632178496863,[-26.58913231 -48.86295319],[-33.59225845 -48.87038422],[-42.7756691  -48.86900711],[-47.99430084 -48.86687851],2.3796154060540757e-05,0.00013254632948890796,1.185102482164139,5.239301808015797e-08
210,6.999006393430704,9.063434736436731,5.34276234208685,[-26.58910179 -48.86295319],[-33.58810425 -48.87037659],[-42.65153885 -48.86880875],[-47.99430084 -48.86687851],2.934763071590572e-05,0.13604209661623956,1.2106285610169254,3.515387151793621e-08
211,6.997438545646933,8.940593892434444,5.467193877822948,[-26.5890789  -48.86295319],[-33.58651352 -48.87036896],[-42.52710724 -48.86861038],[-47.99430084 -48.86687851],1.8261288326453252e-05,9.227624095477052e-05,1.2132784764828293,3.7907166633321826e-08
212,6.995954629244106,8.817215182987125,5.5928957180477585,[-26.58823967 -48.86295319],[-33.58419037 -48.87036896],[-42.40140533 -48.86841202],[-47.99430084 -48.86687851],0.031372968918656687,0.03913929258639083,1.2252751740818728,8.681174994147146e-09
213,6.983995649662613,8.707371048932139,5.718853150903844,[-26.58408546 -48.862957  ],[-33.56807709 -48.8704567 ],[-42.27544785 -48.86820602],[-47.99430084 -48.86687851],0.1289748052160828,0.2328283954236556,1.2191217616245553,4.3090085282507573e-10
214,7.002123092910908,8.583317154544416,5.844349016548772,[-26.56451607 -48.86295319],[-33.56663513 -48.87046432],[-42.14995193 -48.86800766],[-47.99430084 -48.86687851],0.3251646956515353,1.2380806749386201e-06,1.2236824059180222,1.2087886202032359e-08
215,7.037746453763591,8.461784780521128,5.970001292669277,[-26.52477264 -48.8631134 ],[-33.56251526 -48.87046432],[-42.02429962 -48.86780548],[-47.99430084 -48.86687851],0.492847896837997,0.08774756876159938,1.2075956389584468,7.011319569153404e-08
216,7.084253251131695,8.353233809238441,6.0925102697361755,[-26.46430779 -48.86314392],[-33.54855728 -48.87043762],[-41.90179062 -48.86763   ],[-47.99430084 -48.86687851],0.6965846653189263,0.2309971627710836,1.1734997770249496,4.6063080109903636e-08
217,7.134437083733447,8.261417886964088,6.212703731184677,[-26.385746   -48.86341858],[-33.52017975 -48.87031937],[-41.78159714 -48.86745071],[-47.99430084 -48.86687851],0.9033335437602723,0.320349425372701,1.1619205850269922,2.0772860854446842e-09
218,7.192887430802005,8.183098324936017,6.332321180895318,[-26.28599739 -48.86356354],[-33.47888184 -48.87011719],[-41.66197968 -48.86729813],[-47.99430084 -48.86687851],1.108974446916191,0.45853321902030986,1.1552506429858507,3.3638709186957536e-09
219,7.255163875251308,8.121559602345611,6.451168065672434,[-26.16641235 -48.86374283],[-33.42157364 -48.86987305],[-41.54313278 -48.86714172],[-47.99430084 -48.86687851],1.2866372406112294,0.6627521533000207,1.149714178628625,4.633874242978149e-08
220,7.316006229034802,8.079369069903182,6.570362092061105,[-26.02856636 -48.86381149],[-33.34457016 -48.86977386],[-41.42393875 -48.86699295],[-47.99430084 -48.86687851],1.477969390314742,0.8369526083040468,1.1639000436355944,3.679566521389885e-09
221,7.384186009999537,8.04689073799791,6.69190979014779,[-25.87131691 -48.86401367],[-33.25550079 -48.86961746],[-41.30239105 -48.86684036],[-47.99430084 -48.86687851],1.6791286122384377,0.9289878560438424,1.1934652401949237,2.264391558580945e-09
222,7.456105835192471,8.027138147602901,6.816539767180598,[-25.69451904 -48.86437225],[-33.15062332 -48.86919022],[-41.17776108 -48.86668396],[-47.99430084 -48.86687851],1.868071880492338,1.105211005180561,1.2275081715569933,1.926994699957221e-09
223,7.519807020121911,8.023685846745854,6.945167550371036,[-25.50564194 -48.86494446],[-33.02544785 -48.86903381],[-41.0491333  -48.86652756],[-47.99430084 -48.86687851],1.8876792620361833,1.3199836648899133,1.273750862543851,6.079805773237265e-09
224,7.549662342524032,8.034378396510942,7.07897951036871,[-25.33128166 -48.86545944],[-32.8809433  -48.86872482],[-40.91532135 -48.86637115],[-47.99430084 -48.86687851],1.3946917434012156,1.478859405102078,1.3317680934928493,1.950097187198614e-09
225,7.423945061918885,8.050251300730373,7.219268829341865,[-25.30083656 -48.86543274],[-32.72478104 -48.86838913],[-40.77503204 -48.86621475],[-47.99430084 -48.86687851],7.459936720288944e-05,1.5605936855579636,1.4022649881315983,1.1252093185453774e-09
226,7.267042633958879,8.059738407054155,7.366806075928385,[-25.30071449 -48.86543274],[-32.56775665 -48.86805725],[-40.62749481 -48.86605835],[-47.99430084 -48.86687851],0.0001913871705338171,1.4943860244416665,1.4751983957562493,6.363342774923257e-10
227,7.117128745149781,8.05566808616477,7.520938936692296,[-25.30056572 -48.86543274],[-32.41769409 -48.86773682],[-40.47336197 -48.86590195],[-47.99430084 -48.86687851],0.00013664135300719374,1.4501313497964994,1.5329093573564538,1.4145096109500999e-09
228,6.972074800705066,8.041759672558124,7.6800042040050505,[-25.30046272 -48.86543274],[-32.27253723 -48.86745071],[-40.31429672 -48.86574173],[-47.99430084 -48.86687851],7.925006628934354e-05,1.3843562615573286,1.5783665465296626,1.1641172255277996e-09
229,6.929514199049481,7.92117710986795,7.843193161438794,[-25.30041695 -48.86543274],[-32.22993088 -48.86735916],[-40.15110779 -48.86558151],[-47.99430084 -48.86687851],2.789540223093528e-05,0.0001559651657155064,1.6155833814616911,1.5578556656032792e-09
230,6.920669819550755,7.768665550683251,8.004581583363612,[-25.30038452 -48.86543274],[-32.22105408 -48.8673439 ],[-39.98971939 -48.86542511],[-47.99430084 -48.86687851],2.89751226674059e-05,0.15175859691438262,1.5238370668964938,1.2444932088393729e-09
231,6.919147753296683,7.618320744615973,8.156471410548749,[-25.30036163 -48.86543274],[-32.21950912 -48.86733627],[-39.83782959 -48.86527252],[-47.99430084 -48.86687851],1.769496600589712e-05,0.00010943085571994518,1.461941369221499,6.062774865696096e-10
232,6.917219423901904,7.515980074783329,8.260753805226459,[-25.30034828 -48.86543274],[-32.21756744 -48.86733627],[-39.73354721 -48.86518478],[-47.99430084 -48.86687851],9.897678056600788e-06,0.09370780338990019,0.1741982992069471,9.700768306765996e-10
233,6.905838259506299,7.514835658052973,8.273933587140245,[-25.29969406 -48.865448  ],[-32.20553207 -48.86729431],[-39.72036743 -48.86516953],[-47.99430084 -48.86687851],0.03366692965594106,0.19784116549715763,0.2221718905976126,7.920801371841478e-10
234,6.891245114642089,7.5320246704719365,8.275303063429396,[-25.29572868 -48.86548233],[-32.18697357 -48.86724854],[-39.71899796 -48.86516953],[-47.99430084 -48.86687851],0.1272689224387076,0.18605520279822085,0.0001353284407796076,1.4668172368929667e-09
235,6.885057653003581,7.5528033070997145,8.27837007996558,[-25.27807045 -48.86550522],[-32.1631279  -48.86717987],[-39.71593094 -48.86516953],[-47.99430084 -48.86687851],0.25778519604846384,0.31174904422902544,0.10533151425163632,2.3806933453073058e-09
236,6.885027049652825,7.573341635440616,8.295303531942077,[-25.2406292  -48.86584854],[-32.12565613 -48.86712265],[-39.6989975  -48.86511612],[-47.99430084 -48.86687851],0.43811050370657995,0.4397482836345483,0.25253431706354906,4.6542207607863226e-08
237,6.901611387841394,7.5852015003663364,8.324691954999402,[-25.18279648 -48.8661232 ],[-32.08440781 -48.8670311 ],[-39.66960907 -48.86513519],[-47.99430084 -48.86687851],0.66037386515964,0.458012171144725,0.3152727721199833,2.286007994380842e-10
238,6.93304253632414,7.597110948311326,8.360164821719358,[-25.10398293 -48.86651611],[-32.03702545 -48.86688995],[-39.6341362  -48.86514664],[-47.99430084 -48.86687851],0.8910436580329918,0.5301628345678008,0.39066134751834836,2.3074291759081912e-08
239,6.972288144571493,7.608026732266285,8.408401715211022,[-25.00558472 -48.8672142 ],[-31.97787285 -48.86679077],[-39.58589935 -48.8649292 ],[-47.99430084 -48.86687851],1.0480978947266117,0.649795133623232,0.5453166727513336,7.057761604813984e-10
240,7.02018175937798,7.617672124771032,8.468063549990411,[-24.88838387 -48.86781693],[-31.90856552 -48.86661148],[-39.52623749 -48.8650589 ],[-47.99430084 -48.86687851],1.2597450558164163,0.7485966307729812,0.6443698472728143,8.2293695260903e-10
241,7.07733191802334,7.628208290273833,8.535942277314351,[-24.75281906 -48.8687439 ],[-31.8301506  -48.86643982],[-39.45835876 -48.8650322 ],[-47.99430084 -48.86687851],1.4399782476305285,0.8186843929047889,0.7479734977903241,1.6150402335388394e-09
242,7.141444145161336,7.642435198612589,8.607136006590412,[-24.5989418  -48.86982346],[-31.74038506 -48.8662529 ],[-39.38282013 -48.86487198],[-47.9899559  -48.86687851],1.623627273439223,0.9453666092903966,0.8174050401340069,0.08734411002244193
243,7.207313289426564,7.6648598683263325,8.691570510086429,[-24.42639351 -48.87099457],[-31.63370514 -48.86610413],[-39.29856491 -48.86488724],[-47.99013519 -48.86687851],1.8101828873247892,1.1150958465490883,0.9125600108867498,3.5563858267896897e-06
244,7.2705410348281765,7.693090529146626,8.784885657035503,[-24.24208641 -48.87223053],[-31.51262474 -48.86595917],[-39.20571518 -48.86478043],[-47.99060059 -48.86687851],1.8302664744768655,1.2287022255310804,1.0045914496341426,0.04573677108288487
245,7.258935739735484,7.723592834696165,8.88718823033327,[-24.12083435 -48.87302017],[-31.37976646 -48.86576462],[-39.10335922 -48.86467743],[-47.99054718 -48.86687851],0.19078604956575093,1.3566826000805943,1.1055100312323978,0.052548445771969245
246,7.1220189320384355,7.747434677156713,8.999485313754993,[-24.12094116 -48.87302017],[-31.24295616 -48.86553574],[-38.99039078 -48.86456299],[-47.98987579 -48.86687851],0.0001383600831810894,1.073043545223069,1.2120939876296077,0.05805109442323957
247,7.07807563238771,7.668397970073526,9.121086442261017,[-24.12078285 -48.8730278 ],[-31.19885445 -48.86546707],[-38.86725235 -48.86445618],[-47.98833847 -48.86687851],0.0001673845438029916,0.49185718020304503,1.2585499115418641,0.02214267057109832
248,7.012848091785762,7.60839471529766,9.23136937025841,[-24.12066269 -48.8730278 ],[-31.13350677 -48.86553192],[-38.7419014  -48.86434555],[-47.97327042 -48.86689377],0.00010430029945960569,0.8334187783213496,1.2413199480754626,0.2589519326390673
249,6.995227730222057,7.502487347235947,9.353428267041739,[-24.12058258 -48.8730278 ],[-31.11580658 -48.86580276],[-38.61829376 -48.86423111],[-47.97172165 -48.86689758],5.882620425424918e-05,2.7941546023097717e-05,1.250825777684412,1.9580091740998416e-05
250,6.991113593253205,7.4783860912449285,9.376694109073313,[-24.12055397 -48.8730278 ],[-31.11166382 -48.86579132],[-38.59004974 -48.86421585],[-47.96674347 -48.86689758],3.287688328226444e-05,0.13480184745213397,9.385191272177076e-05,0.06101098406614728
251,6.98961061123892,7.472541973559133,9.38329734977024,[-24.12052345 -48.8730278 ],[-31.11013031 -48.86578369],[-38.58267212 -48.86421585],[-47.96596909 -48.86689758],2.2987026258287705e-05,5.291920376603118e-05,0.1678340525150049,9.435568886645603e-07
