,c0_c1,c1_c2,c2_c3,p1,p2,p3,p4,v1
0,29.232101440429688,29.232086181640625,29.232101440429688,[-100.          -48.86999893],[-129.23210144  -48.86999893],[-158.46418762  -48.86999893],[-187.69628906  -48.86999893],0.0
1,29.232101440429688,29.232086181640625,29.232101440429688,[-100.          -48.86999893],[-129.23210144  -48.86999893],[-158.46418762  -48.86999893],[-187.69628906  -48.86999893],0.0
2,29.232101440429688,29.232086181640625,29.232101440429688,[-100.          -48.86999893],[-129.23210144  -48.86999893],[-158.46418762  -48.86999893],[-187.69628906  -48.86999893],0.0
3,29.234039306640625,29.232101440429688,29.232070922851562,[-99.99635315 -48.86999893],[-129.23039246  -48.86999893],[-158.4624939   -48.86999893],[-187.69456482  -48.86999893],0.09550646767510092
4,29.25399017334606,29.230804443886075,29.23207092285181,[-99.95761871 -48.86987686],[-129.21160889  -48.86985779],[-158.44241333  -48.87003326],[-187.67448425  -48.87003708],0.6344096147787697
5,29.334457397467137,29.229141236308443,29.23194885265953,[-99.87469482 -48.87005615],[-129.20915222  -48.87007523],[-158.43829346  -48.86983871],[-187.67024231  -48.86992264],0.9771261277643981
6,29.43043518143936,29.228805543177348,29.242782592893864,[-99.76821899 -48.86988831],[-129.19865417  -48.87010193],[-158.42745972  -48.86983871],[-187.67024231  -48.86992264],1.1549958715889934
7,29.53362274446734,29.22833252187348,29.268981933665593,[-99.63518524 -48.86982346],[-129.16880798  -48.87022781],[-158.3971405   -48.86985779],[-187.66612244  -48.86992264],1.4964319537163493
8,29.658164979001047,29.23646545553901,29.295928955141704,[-99.46208954 -48.86988068],[-129.12025452  -48.870121  ],[-158.35671997  -48.86983109],[-187.65264893  -48.86989212],1.8566167310947361
9,29.78276825230872,29.263977053522417,29.312820434595135,[-99.25876617 -48.86988068],[-129.04153442  -48.87028885],[-158.30551147  -48.86988831],[-187.61833191  -48.86992645],2.141087684251594
10,29.903846748518607,29.299499517531917,29.33392333987947,[-99.02732086 -48.86972046],[-128.9311676   -48.87040329],[-158.23066711  -48.86981964],[-187.56459045  -48.86986542],2.4428016868805393
11,30.022552496516322,29.350555420905785,29.356063843011622,[-98.76364136 -48.86936951],[-128.78619385  -48.86998367],[-158.13674927  -48.86974335],[-187.49281311  -48.8698616 ],2.7707990968181186
12,30.134246830770078,29.421203614785842,29.379028320348162,[-98.46864319 -48.8689003 ],[-128.60289001  -48.86942673],[-158.02409363  -48.86972427],[-187.40312195  -48.8696785 ],3.0741923335910686
13,30.24327850723743,29.504257218819074,29.40296936041491,[-98.14409637 -48.86832809],[-128.38737488  -48.86880875],[-157.89163208  -48.86980057],[-187.29460144  -48.86973953],3.3736433217850994
14,30.351272585752422,29.588211100907333,29.436691284359878,[-97.78945923 -48.86771393],[-128.14073181  -48.8681221 ],[-157.72894287  -48.86968613],[-187.16563416  -48.86978912],3.6790065973712633
15,30.46141815309371,29.669738846161465,29.483764650016884,[-97.4056015  -48.86712646],[-127.86701965  -48.86740112],[-157.53675842  -48.86953354],[-187.02052307  -48.86983871],3.9638094489314057
16,30.568168640285485,29.762085087671107,29.532028202535027,[-96.99347687 -48.86654282],[-127.56164551  -48.86663818],[-157.32373047  -48.86938477],[-186.85575867  -48.86988831],4.250201561666419
17,30.66773986848886,29.866851997013576,29.583633431636976,[-96.55281067 -48.86600113],[-127.22055054  -48.86585999],[-157.08740234  -48.86923218],[-186.67103577  -48.86995316],4.532191860723149
18,30.76278686820126,29.97807338821414,29.642669693695122,[-96.08447266 -48.86549759],[-126.84725952  -48.86507034],[-156.82533264  -48.86907959],[-186.46800232  -48.87005234],4.806607682034843
19,30.853713998133177,30.09912144708686,29.703613306647597,[-95.58874512 -48.86505127],[-126.44245911  -48.86431122],[-156.5415802   -48.86892319],[-186.24519348  -48.87015152],5.08073741636747
20,30.93350984589962,30.224792925064946,29.7716064824846,[-95.07236481 -48.86467361],[-126.00587463  -48.86358261],[-156.23066711  -48.86876678],[-186.00227356  -48.87025452],5.162348555072909
21,30.98317721825873,30.350052410689738,29.849533132185602,[-94.55651093 -48.86436462],[-125.53968811  -48.8629303 ],[-155.88973999  -48.86860657],[-185.73927307  -48.8703537 ],5.215997136552218
22,31.025596670236425,30.472931518685115,29.93841559535374,[-94.02152252 -48.86413574],[-125.04711914  -48.86234665],[-155.52005005  -48.86844635],[-185.45846558  -48.87046432],5.508047725290404
23,31.0812302356813,30.58791418694873,30.036209192781666,[-93.45198059 -48.86398315],[-124.53321075  -48.861866  ],[-155.12112427  -48.86828613],[-185.15733337  -48.87056351],5.847900410837453
24,31.164665316902116,30.674820666903415,30.137069808593445,[-92.85422516 -48.86391449],[-124.01889038  -48.86148453],[-154.69371033  -48.86813354],[-184.83078003  -48.8706665 ],6.095802317439978
25,31.251648067244624,30.75709608896546,30.238693359627145,[-92.23236084 -48.86392975],[-123.48400879  -48.86121368],[-154.24110413  -48.86801529],[-184.47979736  -48.87073517],6.3489271335707365
26,31.323150777542164,30.858376311564715,30.34048475656362,[-91.58245087 -48.86403275],[-122.9056015   -48.86104202],[-153.76397705  -48.86790085],[-184.10446167  -48.87078857],6.641972373933549
27,31.38932816804716,30.965576924739903,30.44499221571643,[-90.90353394 -48.86421585],[-122.29286194  -48.86099625],[-153.25843811  -48.86782455],[-183.70343018  -48.87084961],6.922552192632067
28,31.45897692921743,31.08553385808726,30.534607095776895,[-90.19754028 -48.86448288],[-121.65651703  -48.86108398],[-152.74205017  -48.86775589],[-183.2766571   -48.87090302],7.191156275291616
29,31.52590199020168,31.232536978917263,30.60235612760104,[-89.4642334  -48.86480713],[-120.99013519  -48.86129379],[-152.22267151  -48.86772919],[-182.82502747  -48.87096024],7.4678827728813895
30,31.584861957190476,31.387512795285147,30.676605403308454,[-88.70302582 -48.86520386],[-120.28788757  -48.8616333 ],[-151.67539978  -48.86771011],[-182.352005    -48.87102127],7.745932957755351
31,31.64013691849855,31.52831318723054,30.773239317593372,[-87.91442108 -48.86565018],[-119.5545578   -48.86209488],[-151.08287048  -48.867733  ],[-181.85610962  -48.87107849],8.01536609900593
32,31.692299079694457,31.6598896363168,30.888687310852504,[-87.09934998 -48.86612701],[-118.79164886  -48.86265182],[-150.45153809  -48.86777878],[-181.34022522  -48.87108612],8.276467856117836
33,31.738334830478458,31.78817781928513,31.038681199638862,[-86.25850677 -48.86661148],[-117.99684143  -48.86328125],[-149.78501892  -48.86785507],[-180.82369995  -48.87109756],8.531242860195384
34,31.77826705994103,31.9067995649529,31.204864660652696,[-85.39253998 -48.86709976],[-117.17080688  -48.86397934],[-149.0776062   -48.86796188],[-180.2824707   -48.87110901],8.778855721491384
35,31.813110483317644,32.01297015113763,31.367202904289645,[-84.50218201 -48.86759186],[-116.31529236  -48.8646965 ],[-148.32826233  -48.8680954 ],[-179.69546509  -48.87111664],9.018773319121484
36,31.842117417102,32.11019146862758,31.528045782040426,[-83.58824921 -48.86804581],[-115.43036652  -48.86542892],[-147.54055786  -48.86824417],[-179.06860352  -48.87108231],9.251632709085985
37,31.864921652299966,32.19789894421039,31.692062485655754,[-82.65136719 -48.86846161],[-114.51628876  -48.86616898],[-146.71418762  -48.86843109],[-178.40625     -48.87104416],9.477593258562313
38,31.88195806857625,32.274116563403005,31.8524018217733,[-81.69223785 -48.86884689],[-113.57419586  -48.86687851],[-145.84831238  -48.86862564],[-177.70071411  -48.87099838],9.696498537318677
39,31.89334873721502,32.33969881751221,32.00390632078734,[-80.71157837 -48.86919022],[-112.60492706  -48.86752701],[-144.94462585  -48.86882401],[-176.9485321   -48.87095261],9.908522106045934
40,31.8989715868506,32.39535523722486,32.148941093055946,[-79.71005249 -48.86948013],[-111.60902405  -48.86811447],[-144.00437927  -48.86901855],[-176.15332031  -48.87086487],10.113878570344822
41,31.89908601629014,32.44033813891404,32.28630069761868,[-78.6883316  -48.86973953],[-110.5874176   -48.86867523],[-143.02775574  -48.86919403],[-175.3140564  -48.8707695],10.312636674814794
42,31.893974314355773,32.474861145414756,32.41250613054503,[-77.64707947 -48.86999512],[-109.54105377  -48.86919022],[-142.01591492  -48.86935043],[-174.42842102  -48.87067413],10.504909764996997
43,31.883804326021064,32.499565124925674,32.527526873257166,[-76.58690643 -48.87021255],[-108.47071075  -48.86966324],[-140.97027588  -48.86949921],[-173.49780273  -48.87057495],10.69087810554543
44,31.868812562723736,32.51449585256881,32.63145447827305,[-75.508461   -48.87041473],[-107.37727356  -48.87008667],[-139.89176941  -48.86964798],[-172.52322388  -48.87047577],10.870672375381735
45,31.849334717016415,32.51973725050437,32.722503667179254,[-74.41234589 -48.8705864 ],[-106.2616806   -48.87046814],[-138.78141785  -48.86980057],[-171.50392151  -48.87037659],11.044427026621792
46,31.825668335005748,32.51584626397187,32.79994201843852,[-73.29914093 -48.8707428 ],[-105.12480927  -48.8707962 ],[-137.64065552  -48.86993027],[-170.44059753  -48.8702774 ],11.212300378324858
47,31.798065186214107,32.50360109090213,32.86361694366247,[-72.16946411 -48.87086868],[-103.9675293   -48.87107468],[-136.47113037  -48.87003326],[-169.33474731  -48.87017441],11.374443104449222
48,31.766876222357954,32.48374941021252,32.91421508789858,[-71.02383423 -48.87097168],[-102.79071045  -48.87129593],[-135.27445984  -48.87014008],[-168.18867493  -48.87011719],11.531001122643518
49,31.73247528363794,32.45641329301391,32.95223999066185,[-69.86283875 -48.87105179],[-101.59531403  -48.87147903],[-134.05172729  -48.87023163],[-167.00396729  -48.87006378],11.682126063372163
50,31.697982792085444,32.42194369172829,32.9773254405969,[-68.68430328 -48.87111282],[-100.38228607  -48.87161636],[-132.80422974  -48.87028885],[-165.78155518  -48.87001419],11.9125347231385
51,31.682403569149297,32.38139346189975,32.98991394254786,[-67.46960449 -48.87116623],[-99.15200806 -48.87171173],[-131.53340149  -48.87033463],[-164.52331543  -48.86996078],12.363459591137378
52,31.69865418017788,32.33792880162037,32.99058533059448,[-66.20389557 -48.87118912],[-97.90254974 -48.87177277],[-130.24047852  -48.87038803],[-163.23106384  -48.86991119],12.903883934794708
53,31.74688721304602,32.29734042307939,32.979995732371464,[-64.88199615 -48.87119675],[-96.62888336 -48.87181473],[-128.92622375  -48.87042236],[-161.90621948  -48.86985779],13.47866439821913
54,31.824691778461002,32.26423648040394,32.959594732284664,[-63.50175476 -48.87120056],[-95.32644653 -48.87181854],[-127.59068298  -48.87042236],[-160.55027771  -48.8698082 ],14.067679405446107
55,31.929874426294887,32.241096526812335,32.93156433706983,[-62.06229019 -48.87120056],[-93.99216461 -48.87182617],[-126.23326111  -48.87042999],[-159.16482544  -48.86980057],14.661935807614515
56,32.05862427383218,32.231071501587095,32.89794159537676,[-60.56333923 -48.87117386],[-92.6219635 -48.8718071],[-124.85303497  -48.87042999],[-157.75097656  -48.86980057],15.257160190003905
57,32.206306463670124,32.23732760301674,32.8612518370827,[-59.00492859 -48.87112808],[-91.21123505 -48.87175751],[-123.44856262  -48.87042999],[-156.30981445  -48.86980057],15.851275447866383
58,32.36923981324854,32.26135256437279,32.82423401482387,[-57.38721466 -48.87107849],[-89.75645447 -48.87170792],[-122.01780701  -48.87042999],[-154.84204102  -48.86980057],16.443254473938858
59,32.543865210018225,32.30397036026724,32.789901739439564,[-55.71045303 -48.87102509],[-88.25431824 -48.87165833],[-120.55828857  -48.87042999],[-153.34819031  -48.86980057],17.032596590031037
60,32.726470952470066,32.365936300761284,32.7609710753824,[-53.97491455 -48.87102509],[-86.7013855  -48.87160873],[-119.06732178  -48.87042999],[-151.82829285  -48.86980057],17.61905288746874
61,32.913806919554325,32.44721986814728,32.739952093452686,[-52.18089676 -48.87102509],[-85.09470367 -48.87155533],[-117.54192352  -48.87042999],[-150.28187561  -48.86980057],18.2024936683004
62,33.10311508597292,32.54698183084642,32.72937775263433,[-50.32870102 -48.87102509],[-83.4318161  -48.87155151],[-115.97879791  -48.87042999],[-148.70817566  -48.86980057],18.782859802978273
63,33.29180527149607,32.66415407185728,32.731391912863785,[-48.41863632 -48.87102509],[-81.71044159 -48.87155151],[-114.37459564  -48.87043381],[-147.10598755  -48.86980057],19.36012649645308
64,33.47785568675542,32.797065753520684,32.747718817157605,[-46.4510231  -48.87099838],[-79.92887878 -48.87154007],[-112.72594452  -48.87043381],[-145.47366333  -48.86980057],19.934286119479463
65,33.66005707222974,32.943168657205966,32.77981567994458,[-44.42616272 -48.87095261],[-78.08621979 -48.87149429],[-111.02938843  -48.87043381],[-143.8092041   -48.86980057],20.505344392745524
66,33.837745670839666,33.09957887285875,32.82855988159565,[-42.34436035 -48.87090302],[-76.18210602 -48.8714447 ],[-109.28168488  -48.87043381],[-142.11024475  -48.86980057],21.07329750241025
67,34.015842442621256,33.25807191536259,32.89431000322111,[-40.20593643 -48.87086487],[-74.22177887 -48.87144089],[-107.47985077  -48.87041092],[-140.37416077  -48.86980057],21.63816452158324
68,34.232524876672414,33.37815095739966,32.97613525867413,[-38.01119614 -48.87086487],[-72.24372101 -48.87144089],[-105.62187195  -48.87036133],[-138.5980072   -48.86980057],22.19994545064536
69,34.51332474210435,33.43670655990726,33.06834412096552,[-35.76044846 -48.87086487],[-70.27377319 -48.87142563],[-103.71047974  -48.87036133],[-136.77882385  -48.86980057],22.758659363549803
70,34.84270096258211,33.45867158638953,33.15888977524941,[-33.45399857 -48.87086487],[-68.29669952 -48.87141418],[-101.75537109  -48.87036133],[-134.91426086  -48.86980057],23.314306259853474
71,35.20691109080256,33.464088455674556,33.24043274385995,[-31.09215355 -48.87086487],[-66.29906464 -48.87137985],[-99.76315308 -48.8703537 ],[-133.00358582  -48.86980057],23.866907120547484
72,35.61721611362895,33.44062043741296,33.31462097627158,[-28.67521095 -48.87086487],[-64.29242706 -48.87135696],[-97.73304749 -48.8703537 ],[-131.04766846  -48.86980057],24.416479111810897
73,36.0789279977271,33.38523484783832,33.379402165814085,[-26.20347786 -48.87082291],[-62.28240585 -48.87135696],[-95.66764069 -48.8703537 ],[-129.04704285  -48.86976624],24.96302414104083
74,36.585317616050524,33.31197358620368,33.42689514717386,[-23.67725563 -48.87077713],[-60.26257324 -48.87134171],[-93.57454681 -48.87036133],[-127.00144196  -48.86975098],25.506547929357353
75,37.13670921802483,33.22360993822376,33.45938873847704,[-21.09684944 -48.87072754],[-58.23355865 -48.87132263],[-91.45716858 -48.87036133],[-124.91655731  -48.86975098],26.047069550725755
76,37.73744202129366,33.11621095145245,33.51127625067545,[-18.46255493 -48.87072754],[-56.19999695 -48.87132263],[-89.31620789 -48.87036133],[-122.82748413  -48.86975098],26.58460235649172
77,38.386261944154256,32.99507142404714,33.594627385915565,[-15.77467251 -48.87071991],[-54.16093445 -48.87128448],[-87.15600586 -48.87036133],[-120.75063324  -48.86975098],27.119152069432424
78,39.08214950947567,32.86521912875123,33.686027532524,[-13.03349686 -48.87071991],[-52.11564636 -48.87126923],[-84.98086548 -48.87036133],[-118.66689301  -48.86974335],27.650739669897074
79,39.82687473675944,32.72605134316002,33.77339935868121,[-10.23932552 -48.87071991],[-50.06620026 -48.87126923],[-82.79225159 -48.87036133],[-116.56565094  -48.86974335],28.179367065450016
80,40.62079000844444,32.579124463334004,33.85514069167537,[ -7.39245462 -48.87071991],[-48.01324463 -48.87126923],[-80.59236908 -48.87036133],[-114.44750977  -48.86974335],28.705055236818644
81,41.46332455025336,32.428051008340994,33.941970830083044,[ -4.49317646 -48.87071991],[-45.95650101 -48.87125397],[-78.384552   -48.87031937],[-112.32652283  -48.86974335],29.22781372070446
82,42.35498452463656,32.27394868177799,34.03765106675745,[ -1.54178214 -48.87071991],[-43.89676666 -48.87120438],[-76.17071533 -48.87031174],[-110.20836639  -48.86974335],29.747650146494585
83,43.29619074138847,32.11749268818578,34.14075470443843,[  1.46143579 -48.87071991],[-41.83475494 -48.87120438],[-73.95224762 -48.87031174],[-108.09300232  -48.86974335],30.264581680350503
84,44.286779883090745,31.9606704836568,34.24404144758822,[  4.51618814 -48.87072754],[-39.77059174 -48.87120438],[-71.73126221 -48.87031174],[-105.97530365  -48.86974335],30.778617859066085
85,45.326812269811626,31.804840100524387,34.34584045874179,[  7.62218428 -48.87072754],[-37.70462799 -48.87120438],[-69.50946808 -48.87030792],[-103.85530853  -48.86974335],31.289772034172202
86,46.4164934183608,31.650600446044937,34.44749451146247,[ 10.77913761 -48.87071991],[-35.6373558  -48.87120438],[-67.28795624 -48.87030792],[-101.73545074  -48.86974335],31.798046113042314
87,47.55579471850695,31.498909008484755,34.54711914530075,[ 13.98676395 -48.87067413],[-33.56903076 -48.87117386],[-65.06793976 -48.87030792],[-99.6150589  -48.86973953],32.303466798584935
88,48.74465370446246,31.35076523920001,34.64315033394494,[ 17.24477196 -48.87062454],[-31.49988174 -48.87113571],[-62.85064697 -48.87030792],[-97.4937973  -48.86975861],32.8060379051007
89,49.9830970795616,31.206684123527808,34.735904697198144,[ 20.55288315 -48.87057495],[-29.43021393 -48.87113571],[-60.63689804 -48.87030792],[-95.37280273 -48.8698082 ],33.305774691396316
90,51.27108002072278,31.067121516765607,34.825012210348206,[ 23.91081047 -48.87052536],[-27.36026955 -48.87113571],[-58.42739105 -48.87030792],[-93.25240326 -48.86982727],33.802680971965124
91,52.60848808702504,30.93262101327352,34.9095802339695,[ 27.31825829 -48.87047577],[-25.2902298  -48.87113571],[-56.2228508  -48.87030792],[-91.13243103 -48.86983109],34.29621124503112
92,53.994987492404874,30.80355454603477,34.9895210298605,[ 30.77470398 -48.87042999],[-23.22028351 -48.87113571],[-54.02383804 -48.87030792],[-89.01335907 -48.86983109],34.78248596356721
93,55.42982483364278,30.680080423687834,35.064800265693364,[ 34.27919769 -48.87037659],[-21.15062714 -48.87108612],[-51.83070755 -48.87030792],[-86.89550781 -48.86983109],35.258079529659966
94,56.911985401527225,30.562421808133816,35.13512039508141,[ 37.83058167 -48.87037659],[-19.08140373 -48.87106705],[-49.64382553 -48.87030792],[-84.77894592 -48.86983109],35.72121429460656
95,58.44029426982589,30.4507160281391,35.200382235895724,[ 41.42754364 -48.87037659],[-17.01275063 -48.87106705],[-47.46346664 -48.87030792],[-82.66384888 -48.86983109],36.17106246948283
96,60.01353931833018,30.34499264712959,35.2606620820816,[ 45.06874847 -48.87036896],[-14.94479084 -48.87106705],[-45.28978348 -48.87030792],[-80.55044556 -48.86983109],36.607376098872244
97,61.630518917094115,30.24525166510524,35.3159675630853,[ 48.7528801 -48.8703804],[-12.87763882 -48.87106705],[-43.12289047 -48.87030792],[-78.43885803 -48.86982727],37.031192780449224
98,63.29018307052795,30.15144062997863,35.366317752289625,[ 52.4787941  -48.87042999],[-10.81138897 -48.87106705],[-40.96282959 -48.87030792],[-76.32914734 -48.86982727],37.44445419483002
99,64.99165153738798,30.063482293191086,35.41186905228268,[ 56.24552155 -48.87047577],[ -8.74612999 -48.8710289 ],[-38.80961227 -48.87030792],[-74.22148132 -48.86983109],37.8485145590329
100,66.73413849050047,29.98123932697489,35.4527587916369,[ 60.05220032 -48.87052536],[ -6.68193817 -48.87100601],[-36.66317749 -48.87030792],[-72.11593628 -48.86988068],38.244281771009184
101,68.51689529552152,29.904571541351196,35.489124300531536,[ 63.89801788 -48.87057877],[ -4.61887741 -48.87100601],[-34.52344894 -48.87030792],[-70.01257324 -48.86989212],38.63237381151479
102,70.3392622480994,29.833291777195246,35.52115631342435,[ 67.78225708 -48.87062836],[ -2.55700517 -48.87100601],[-32.39029694 -48.87030792],[-67.91145325 -48.86989594],39.0132255562408
103,72.20056486226544,29.767212399085327,35.54906845331505,[ 71.70419312 -48.87063217],[ -0.49637175 -48.87100601],[-30.26358414 -48.87030792],[-65.81265259 -48.86989594],39.387165069679746
104,74.10017120915943,29.70612800862861,35.573045732976524,[ 75.6631546  -48.87063217],[  1.56298339 -48.87097168],[-28.14314461 -48.87030792],[-63.71619034 -48.86989594],39.75444412240888
105,76.03746581151677,29.6497957777371,35.59333610773103,[ 79.65849304 -48.87062073],[  3.62102723 -48.87095642],[-26.02876854 -48.87030792],[-61.62210464 -48.86989594],40.11524963480872
106,78.01182985399053,29.59798384423206,35.610176088809,[ 83.68955994 -48.87057495],[  5.67773008 -48.87095642],[-23.92025375 -48.87030792],[-59.53042984 -48.86989594],40.46974182412932
107,80.02266693231334,29.55046082254549,35.62376022577098,[ 87.7557373  -48.87052536],[  7.73307037 -48.87095642],[-21.81739044 -48.87030792],[-57.44115067 -48.86989594],40.81808090692417
108,82.06939125204029,29.506986625168278,35.63435364007691,[ 91.85642242 -48.87047195],[  9.78703117 -48.87095642],[-19.71995544 -48.87030792],[-55.35430908 -48.86989594],41.16040802656235
109,84.15141868758363,29.467317587262993,35.642196657654516,[ 95.9910202  -48.87037659],[ 11.83960152 -48.87090683],[-17.62771606 -48.87030792],[-53.26991272 -48.86989594],41.49714279909212
110,86.26823044044588,29.431223875186777,35.6474657082966,[100.15900421 -48.87028122],[ 13.89077377 -48.8708992 ],[-15.5404501  -48.87031174],[-51.1879158  -48.86989594],41.82875443127648
111,88.41935062660458,29.398474699167917,35.650394442122085,[104.3598938  -48.87023163],[ 15.94054317 -48.8708992 ],[-13.45793152 -48.87031174],[-49.10832596 -48.86989594],42.15555191430605
112,90.60428810406485,29.368839269791515,35.65120887998824,[108.59320068 -48.87017822],[ 17.98891258 -48.8708992 ],[-11.37992668 -48.87031174],[-47.03113556 -48.86989594],42.47779083411002
113,92.82262420952358,29.342092519918943,35.65012550596487,[112.85850525 -48.87015533],[ 20.03588104 -48.8708992 ],[ -9.30621147 -48.87031174],[-44.95633698 -48.86989594],42.79563903815241
114,95.07389259626406,29.318027025386414,35.647325995009254,[117.15534973 -48.87015915],[ 22.08145714 -48.8708992 ],[ -7.23656988 -48.87031174],[-42.88389587 -48.86989594],43.10922241283505
115,97.35767936930215,29.296438699221937,35.64300489668191,[121.48332977 -48.87020493],[ 24.12565041 -48.87086487],[ -5.17078829 -48.87031174],[-40.81379318 -48.86989594],43.41866302885941
116,99.67354965367701,29.27712631705752,35.637340548080005,[125.84201813 -48.87028122],[ 26.16846848 -48.87084198],[ -3.10865784 -48.87031174],[-38.74599838 -48.86989594],43.72403717934377
117,102.02107620343675,29.259905820352724,35.630497934600506,[130.23100281 -48.8703804 ],[ 28.20992661 -48.87084198],[ -1.04997921 -48.87028885],[-36.68047714 -48.86989594],44.02541352720582
118,104.39989280760962,29.244602805163783,35.62263238618261,[134.64993286 -48.87048721],[ 30.25004005 -48.87084198],[  1.00543725 -48.87026215],[-34.61719513 -48.86989594],44.322875993705594
119,106.80954360982521,29.231053358106816,35.613898279165554,[139.09837341 -48.87063217],[ 32.2888298  -48.87084198],[  3.05777645 -48.87026215],[-32.55612183 -48.86989594],44.616458909741894
120,109.2496681213901,29.219091897995646,35.60444021413309,[143.57597351 -48.87073517],[ 34.32630539 -48.87084198],[  5.1072135  -48.87026215],[-30.49722672 -48.86989594],44.90623856812203
121,111.71987152100398,29.208581929320903,35.59437751962352,[148.08236694 -48.87083817],[ 36.36249542 -48.8707962 ],[  7.1539135  -48.87026215],[-28.44046402 -48.86989212],45.19224930416423
122,114.21973419195575,29.19937324984813,35.583827974336,[152.61714172 -48.8708992 ],[ 38.39740753 -48.87078094],[  9.19803429 -48.87026215],[-26.38579369 -48.86989212],45.47457504356152
123,116.74888229376106,29.19135475619705,35.57290077401921,[157.17996216 -48.8708992 ],[ 40.43107986 -48.87078094],[ 11.23972511 -48.87026215],[-24.33317566 -48.86989212],45.7532463082828
124,119.30692291261138,29.184400563082914,35.56170082284794,[161.77044678 -48.87083817],[ 42.46352386 -48.87078094],[ 13.27912331 -48.87026215],[-22.28257751 -48.86989212],46.028308877136176
125,121.89349365235903,29.178399090610718,35.550311090256855,[166.38825989 -48.87071991],[ 44.49476624 -48.87078094],[ 15.31636715 -48.87026215],[-20.23394394 -48.86991501],46.29981997007091
126,124.5081825258594,29.17324638827999,35.53881454629942,[171.03300476 -48.87054443],[ 46.52482224 -48.87078094],[ 17.35157585 -48.87026215],[-18.18723869 -48.86992264],46.56783680343864
127,127.15061187823818,29.16886902330507,35.52728462374251,[175.7043457  -48.87033081],[ 48.55373383 -48.87078094],[ 19.38486481 -48.87025452],[-16.14241982 -48.86992264],46.8323708142367
128,129.8204803483961,29.165172582005795,35.51578140370973,[180.4019928  -48.87008286],[ 50.58151245 -48.87075043],[ 21.41633987 -48.87020493],[-14.09944153 -48.86992264],47.0934944751362
129,132.51736831960562,29.162075047407487,35.50436782949134,[185.12554932 -48.86984253],[ 52.608181   -48.87072754],[ 23.44610596 -48.87020493],[-12.05826187 -48.86992264],47.35123448512617
130,135.24089050723848,29.159513478194032,35.49309444539746,[189.87466431 -48.86964798],[ 54.6337738  -48.87072754],[ 25.47426033 -48.87020493],[-10.01883411 -48.86992264],47.60564806867677
131,137.9907722526801,29.157424931441437,35.48200082891222,[194.64907837 -48.86951065],[ 56.65830612 -48.87072754],[ 27.5008812  -48.87020493],[ -7.98111963 -48.86992264],47.85676956874348
132,140.7666053827581,29.15574646464483,35.47113132589132,[199.44841003 -48.86947632],[ 58.68180466 -48.87072754],[ 29.5260582  -48.87020493],[ -5.94507313 -48.86992264],48.10465240538965
133,143.56802368647956,29.154447560226096,35.46052026861016,[204.27233887 -48.8695488 ],[ 60.70431519 -48.87072754],[ 31.54986763 -48.87020493],[ -3.91065264 -48.86992264],48.349323293921444
134,146.39472580264206,29.15347290447965,35.450195432833205,[209.12057495 -48.86974335],[ 62.72584915 -48.87069321],[ 33.57237625 -48.87020493],[ -1.87781918 -48.86992264],48.590839457701605
135,149.2410354626895,29.15275574120438,35.44017686062226,[213.98744202 -48.8700676 ],[ 64.74640656 -48.87068176],[ 35.59365082 -48.87020493],[  0.15347396 -48.86992264],48.65637602536298
136,152.05877685560827,29.152290348138038,35.43047785871426,[218.82481384 -48.87047577],[ 66.76603699 -48.87068176],[ 37.61374664 -48.87020493],[  2.18326879 -48.86992264],48.05332584683203
137,154.7899246217686,29.152019504632214,35.421127797297935,[223.57467651 -48.87092209],[ 68.78475189 -48.87068176],[ 39.63273239 -48.87020493],[  4.2116046  -48.86992264],47.004463412571845
138,157.40299225004952,29.15195465477871,35.41211271398524,[228.20558167 -48.87137222],[ 70.80258942 -48.87068176],[ 41.65063477 -48.87020493],[  6.23852205 -48.86992264],45.71905156887312
139,159.88043976218103,29.152042392815805,35.40346717947013,[232.70001221 -48.87179565],[ 72.81957245 -48.87068176],[ 43.66753006 -48.87020493],[  8.26406288 -48.86992264],44.29954545793697
140,162.21232605694559,29.152263644601025,35.395180703335136,[237.04803467 -48.87216187],[ 74.83570862 -48.8706398 ],[ 45.68344498 -48.87020493],[ 10.28826427 -48.86992264],42.80451976502217
141,164.39313508074483,29.15259552309463,35.3872814189726,[241.24417114 -48.87243652],[ 76.85103607 -48.87062836],[ 47.69844055 -48.87020493],[ 12.31115913 -48.86992264],41.269866992541644
142,166.42029572692778,29.15303421328013,35.37974929922186,[245.28587341 -48.87259293],[ 78.8655777  -48.87062836],[ 49.71254349 -48.87020493],[ 14.33279419 -48.86992264],39.71894455532702
143,168.29303742606206,29.15354538271367,35.37258911245451,[249.17237854 -48.87259674],[ 80.87934113 -48.87062836],[ 51.72579575 -48.87020493],[ 16.35320663 -48.86992264],38.16775132228876
144,170.01194764153266,29.15415191957884,35.36579895132191,[252.90432739 -48.87244415],[ 82.89237976 -48.87062836],[ 53.73822784 -48.87020493],[ 18.37242889 -48.86992264],36.627658933358866
145,171.5786209171276,29.154815676902988,35.359373093778174,[256.48330688 -48.8721199 ],[ 84.90468597 -48.87062836],[ 55.7498703  -48.87020493],[ 20.39049721 -48.86992264],35.10695674239461
146,172.9952697782557,29.15552521059432,35.35331153959278,[259.91156006 -48.87162399],[ 86.91629028 -48.87062836],[ 57.76076508 -48.87020493],[ 22.40745354 -48.86995316],33.611774960852884
147,174.26465606722525,29.156276705900417,35.347612381878086,[263.19186401 -48.87096405],[ 88.92720795 -48.87062454],[ 59.77093124 -48.87020493],[ 24.42331886 -48.86995316],32.14662252199828
148,175.39002227824687,29.1570663475628,35.34225654686376,[266.32748413 -48.87019348],[ 90.93746185 -48.87057495],[ 61.78039551 -48.87020493],[ 26.43813896 -48.86996078],30.714800975419333
149,176.37488556330632,29.157890322420396,35.33724403445918,[269.32196045 -48.8693428 ],[ 92.94707489 -48.87056351],[ 63.78918457 -48.87017441],[ 28.45194054 -48.86996078],29.31862767120523
150,177.22270203833895,29.158744814658974,35.33256721558875,[272.17877197 -48.86850357],[ 94.95606995 -48.87056351],[ 65.79732513 -48.87017059],[ 30.46475792 -48.86996078],27.95967972904343
151,177.93735506347394,29.15964508321358,35.32820129456832,[274.90182495 -48.86776733],[ 96.96446991 -48.87056351],[ 67.80482483 -48.87017059],[ 32.47662354 -48.86996078],26.638935795988388
152,178.52262118598935,29.160552981162716,35.32416534486136,[277.49490356 -48.86722565],[ 98.97228241 -48.87056351],[ 69.81172943 -48.87017059],[ 34.48756409 -48.86996078],25.35692432970892
153,178.98237613516676,29.161491396689975,35.32043075623838,[279.96191406 -48.86694717],[100.97953796 -48.87056351],[ 71.81804657 -48.87017059],[ 36.49761581 -48.86996078],24.11379624622549
154,179.32052615882284,29.162437441611765,35.31700134339664,[282.3067627  -48.86698151],[102.98623657 -48.87056351],[ 73.82379913 -48.87017059],[ 38.50679779 -48.86996078],22.909462093854597
155,179.54093936040317,29.163406374717145,35.31386566224435,[284.53335571 -48.8673172 ],[104.99241638 -48.87056351],[ 75.82901001 -48.87017059],[ 40.51514435 -48.86996078],21.743616704117276
156,179.64730073966558,29.164405825400646,35.31100082459792,[286.64538574 -48.86791992],[106.99808502 -48.87056351],[ 77.8336792  -48.87017059],[ 42.52267838 -48.86996078],20.615794481751763
157,179.64347077392446,29.16540527608415,35.30841827454914,[288.64672852 -48.86869049],[109.00325775 -48.87056351],[ 79.83785248 -48.87017059],[ 44.5294342  -48.86996078],19.525421007746097
158,179.53312683403104,29.16641998525736,35.306087494519886,[290.54107666 -48.86950684],[111.00794983 -48.87054062],[ 81.84152985 -48.87017059],[ 46.53544235 -48.86996078],18.471839582693633
159,179.31985473658136,29.167434694494197,35.30402374329922,[292.33203125 -48.87022018],[113.01217651 -48.87052155],[ 83.84474182 -48.87017059],[ 48.54071808 -48.86996078],17.45432957793507
160,179.0072708131496,29.16846466275584,35.302211762098075,[294.02322388 -48.87076187],[115.01595306 -48.87052155],[ 85.8474884  -48.87017059],[ 50.54527664 -48.86996078],16.472120744464302
161,178.59873962490377,29.169509889806548,35.300632477430135,[295.61804199 -48.87108231],[117.01930237 -48.87052155],[ 87.84979248 -48.87017059],[ 52.54916    -48.86996078],15.524409386986827
162,178.09773254522523,29.17056274683844,35.299285889052996,[297.1199646  -48.87119675],[119.02223206 -48.87052155],[ 89.85166931 -48.87012482],[ 54.55238342 -48.86996078],14.61036586773776
163,177.50756836053188,29.171615603335784,35.29816818273666,[298.53231812 -48.87116241],[121.02474976 -48.87052155],[ 91.85313416 -48.870121  ],[ 56.55496597 -48.86996078],13.729141285057567
164,176.83135223472812,29.172683718118876,35.297271728879245,[299.85824585 -48.87103271],[123.02689362 -48.87048721],[ 93.8542099 -48.870121 ],[ 58.55693817 -48.86996078],12.879874336136886
165,176.07236480759323,29.173759462700062,35.29657363927964,[301.10101318 -48.87088776],[125.02864838 -48.8704834 ],[ 95.85488892 -48.870121  ],[ 60.55831528 -48.86996078],12.06169425991363
166,175.2335968019387,29.174835207328883,35.296089172726916,[302.26364136 -48.87073517],[127.03004456 -48.8704834 ],[ 97.85520935 -48.870121  ],[ 62.55912018 -48.86996078],11.273729420342441
167,174.31799316410007,29.175933840188932,35.29579162632309,[303.34909058 -48.87059784],[129.03109741 -48.8704834 ],[ 99.85516357 -48.87011719],[ 64.55937195 -48.86996078],10.515106264597527
168,173.32846069335955,29.177009584817753,35.292915344584834,[304.36026001 -48.87049103],[131.03179932 -48.8704834 ],[101.85478973 -48.87011719],[ 66.56187439 -48.86996078],9.784956015178008
169,172.26782226562605,29.178077700052043,35.268135071147576,[305.29998779 -48.87046432],[133.03216553 -48.8704834 ],[103.85408783 -48.87011719],[ 68.58595276 -48.86996078],9.087019926090738
170,171.14160156250105,29.179161074075395,35.2064437869685,[306.17382812 -48.87046432],[135.03222656 -48.8704834 ],[105.85306549 -48.87011719],[ 70.6466217  -48.86996078],8.466502196538476
171,169.95574951171983,29.180259706391364,35.11466217075847,[306.98773193 -48.87042236],[137.03198242 -48.87044144],[107.85172272 -48.87011719],[ 72.73706055 -48.86996078],7.871351729686811
172,168.71116638184697,29.181350709767127,35.00041961704867,[307.74261475 -48.87037659],[139.03144836 -48.87043762],[109.85009766 -48.87011719],[ 74.84967804 -48.86996078],7.286507611029901
173,167.40937805177884,29.182441713185028,34.86203002964771,[308.44000244 -48.8703537 ],[141.03062439 -48.87043762],[111.84818268 -48.87011719],[ 76.98615265 -48.86996078],6.720868588821934
174,166.04782104494507,29.183547975350358,34.7018661502548,[309.07736206 -48.87034607],[143.02954102 -48.87043381],[113.84599304 -48.87011719],[ 79.14412689 -48.86996078],5.834288218464727
175,164.48396301271129,29.18463134937373,34.52740478549342,[309.512146   -48.87036133],[145.02818298 -48.87043381],[115.84355164 -48.87011719],[ 81.31614685 -48.8699646 ],3.145276110295186
176,162.65240478518203,29.185714723397105,34.34255981479211,[309.6789856  -48.87034225],[147.02658081 -48.87043381],[117.84086609 -48.87011719],[ 83.49830627 -48.8699646 ],0.4803856677317813
177,160.65817260744797,29.18678283867305,34.14627075229406,[309.68289185 -48.87034607],[149.02471924 -48.87043762],[119.8379364  -48.87011719],[ 85.69166565 -48.8699646 ],0.0005779639249322084
178,158.66085815432328,29.18785858330189,33.94149017368283,[309.6835022  -48.87034607],[151.02264404 -48.87043762],[121.83478546 -48.87011719],[ 87.89329529 -48.8699646 ],0.0004773624857791344
179,156.66354370119862,29.18893432793073,33.732505798684954,[309.68386841 -48.87034607],[153.02032471 -48.87043762],[123.83139038 -48.87011719],[ 90.09888458 -48.8699646 ],0.00028661160168959554
180,154.66632080080834,29.18997955498145,33.52062988315979,[309.68411255 -48.87034607],[155.01779175 -48.87043762],[125.82781219 -48.87011719],[ 92.30718231 -48.8699646 ],0.00016109044393810586
181,152.669143676775,29.19104767001262,33.30706787144327,[309.6842041  -48.87034607],[157.01506042 -48.87041855],[127.82401276 -48.87011719],[ 94.51694489 -48.8699646 ],7.935542027775807e-05
182,150.6721496582126,29.192092896872673,33.0944900516213,[309.68426514 -48.87034607],[159.01211548 -48.87039948],[129.82002258 -48.87011719],[ 96.72553253 -48.8699646 ],6.16324620944972e-05
183,148.67530822754864,29.193115235739814,32.884468078967295,[309.68429565 -48.87034607],[161.00898743 -48.87039948],[131.81587219 -48.87011719],[ 98.93140411 -48.8699646 ],3.618021682788342e-05
184,146.67869567872066,29.194137574606952,32.67772674596172,[309.68435669 -48.87034607],[163.00566101 -48.87039948],[133.81152344 -48.87011719],[101.13379669 -48.8699646 ],2.0083027756738643e-05
185,144.68217468262705,29.195175172263156,32.475624084831125,[309.68435669 -48.87034607],[165.00218201 -48.87039948],[135.80700684 -48.87011719],[103.33138275 -48.8699646 ],8.103772415958243e-06
186,142.68586730958032,29.19615173476311,32.27930450475518,[309.68435669 -48.87034607],[166.99848938 -48.87039948],[137.80233765 -48.87011719],[105.52303314 -48.8699646 ],7.390989851932973e-06
187,140.6897125244242,29.197128297263063,32.08929443395654,[309.68435669 -48.87034607],[168.99464417 -48.87039948],[139.79751587 -48.87011719],[107.70822144 -48.8699646 ],4.4554710920932606e-06
188,138.6937103271527,29.198104859584845,31.906227112181273,[309.68435669 -48.87034607],[170.99064636 -48.8703804 ],[141.7925415  -48.87011719],[109.88631439 -48.8699646 ],2.4844873120552475e-06
189,136.69786071777534,29.19906616319482,31.730667114624698,[309.68435669 -48.87034607],[172.98649597 -48.87036896],[143.78742981 -48.87011719],[112.0567627 -48.8699646],7.141246461348876e-07
190,134.70214843750193,29.200012208084022,31.56292724648126,[309.68435669 -48.87034607],[174.98220825 -48.87036896],[145.78219604 -48.870121  ],[114.2192688 -48.8699646],8.711883585660362e-07
191,132.7066040039082,29.200927735427737,31.40322113076057,[309.68435669 -48.87034607],[176.97775269 -48.87036896],[147.77682495 -48.870121  ],[116.37360382 -48.8699646 ],5.589445066598728e-07
192,130.71118164062702,29.201843262771455,31.251693725977304,[309.68435669 -48.87034607],[178.97317505 -48.87036896],[149.77133179 -48.870121  ],[118.51963806 -48.8699646 ],3.3520119434108066e-07
193,128.71586608886923,29.202758790115173,31.108428955471293,[309.68435669 -48.87034607],[180.9684906  -48.87036896],[151.76573181 -48.870121  ],[120.65730286 -48.8699646 ],0.0
194,126.72076416015831,29.20361328230264,30.973342895902697,[309.68438721 -48.87034607],[182.96362305 -48.87036896],[153.76000977 -48.870121  ],[122.78666687 -48.8699646 ],1.0980910089613833e-07
195,124.72567749023531,29.20449829176927,30.846382141509793,[309.68438721 -48.87034607],[184.95870972 -48.87033081],[155.75421143 -48.870121  ],[124.90782928 -48.8699646 ],6.651613682611875e-08
196,122.73075866699367,29.20533752514053,30.727363586823827,[309.68438721 -48.87034607],[186.95362854 -48.870327  ],[157.74829102 -48.870121  ],[127.02092743 -48.8699646 ],3.807465571409993e-08
197,120.73593139648588,29.206161499749882,30.616149902743242,[309.68438721 -48.87034607],[188.94845581 -48.870327  ],[159.74229431 -48.870121  ],[129.12614441 -48.8699646 ],1.1941906422100437e-08
198,118.741210937503,29.20697021554352,30.51243591346747,[309.68438721 -48.87034607],[190.94317627 -48.87031937],[161.73620605 -48.87011719],[131.22377014 -48.8699646 ],3.784868879782101e-09
199,116.74659729004212,29.207748414171064,30.415985107596264,[309.68438721 -48.87034607],[192.93778992 -48.87031937],[163.7300415 -48.8700676],[133.3140564 -48.8699646],3.027722914350623e-08
200,114.75205993652655,29.208526612413223,30.326477050956154,[309.68438721 -48.87034607],[194.93232727 -48.87031937],[165.72380066 -48.8700676 ],[135.39732361 -48.8699646 ],2.650540622041019e-08
201,112.7576293945344,29.20924377553226,30.24366760270169,[309.68438721 -48.87034607],[196.92675781 -48.87031937],[167.71751404 -48.87006378],[137.47384644 -48.8699646 ],6.561680030420464e-08
202,110.76329040527666,29.21002197377442,30.16708374039742,[309.68438721 -48.87034607],[198.9210968  -48.87031937],[169.71107483 -48.87006378],[139.54399109 -48.8699646 ],1.3395858923634738e-09
203,108.7689971923861,29.210769654438455,30.096557617350925,[309.68438721 -48.87034607],[200.91539001 -48.87031937],[171.70462036 -48.87006378],[141.60806274 -48.8699646 ],2.323255230604836e-09
204,106.77485656738452,29.211410523646805,30.031692505046593,[309.68438721 -48.87034607],[202.90953064 -48.870327  ],[173.69812012 -48.87006378],[143.66642761 -48.8699646 ],3.4246675091001806e-08
205,104.78071594238455,29.21218872188896,29.97203063981254,[309.68438721 -48.87034607],[204.90367126 -48.870327  ],[175.69148254 -48.87006378],[145.7194519 -48.8699646],2.6540342883889142e-08
206,102.78671264648615,29.21282959102956,29.91738891618003,[309.68438721 -48.87034607],[206.89767456 -48.870327  ],[177.68484497 -48.87006378],[147.76745605 -48.8699646 ],7.170561973202606e-10
207,100.79277038574399,29.213424683802973,29.867416382000616,[309.68438721 -48.87034607],[208.89161682 -48.870327  ],[179.67819214 -48.87006378],[149.81077576 -48.8699646 ],1.6368477604655351e-09
208,98.79882812500472,29.214157105577076,29.821685791180556,[309.68438721 -48.87034607],[210.88555908 -48.87031555],[181.67140198 -48.87006378],[151.84971619 -48.8699646 ],2.533310674347211e-09
209,96.80503845218158,29.214782715597128,29.779922485492293,[309.68438721 -48.87034607],[212.87934875 -48.87026596],[183.66456604 -48.87005615],[153.88464355 -48.8699646 ],3.682612142368807e-09
210,94.81127929690884,29.21537780837055,29.74188232435966,[309.68438721 -48.87034607],[214.87310791 -48.87026596],[185.6577301  -48.87005615],[155.91584778 -48.8699646 ],3.79119353680557e-10
211,92.81753540042857,29.215957642249318,29.70729064959261,[309.68438721 -48.87034607],[216.86685181 -48.87026215],[187.65089417 -48.8700676 ],[157.94360352 -48.8699646 ],3.4954034637058404e-08
212,90.82388305667939,29.216506958655554,29.675781250178737,[309.68438721 -48.87034607],[218.86050415 -48.87026215],[189.64399719 -48.8700676 ],[159.96821594 -48.8699646 ],4.727378996406488e-09
213,88.83032226566465,29.21710205142898,29.647048950374224,[309.68438721 -48.87034607],[220.85406494 -48.87026215],[191.63696289 -48.8700676 ],[161.98991394 -48.8699646 ],3.3983953032412076e-08
214,86.836776733439,29.21766662662428,29.621002197444692,[309.68438721 -48.87034607],[222.84761047 -48.87026215],[193.62994385 -48.8700676 ],[164.00894165 -48.8699646 ],0.0
215,84.84321594242432,29.2182617193479,29.597320556847368,[309.68438721 -48.87034607],[224.84117126 -48.87026215],[195.62290955 -48.87007523],[166.02558899 -48.8699646 ],1.6184832761689828e-09
216,82.84976196293313,29.21875000059789,29.575744629113146,[309.68438721 -48.87034607],[226.83462524 -48.87026215],[197.61587524 -48.87007523],[168.04013062 -48.8699646 ],2.095489726621645e-09
217,80.85639953617637,29.219146729113508,29.55610656760437,[309.68438721 -48.87034607],[228.82798767 -48.87026215],[199.60884094 -48.87007523],[170.05273438 -48.86996078],3.329135643185752e-09
218,78.86303710941965,29.219543457629122,29.53833007834669,[309.68438721 -48.87034607],[230.8213501  -48.87026215],[201.60180664 -48.87007523],[172.06347656 -48.86996078],3.666136059028087e-09
219,76.86968994145207,29.2200775152463,29.52194213889369,[309.68438721 -48.87034607],[232.81469727 -48.87026215],[203.59461975 -48.87007523],[174.07267761 -48.86996078],1.0435919531934219e-09
220,74.87632751469548,29.220657349230663,29.50697326682349,[309.68438721 -48.87034607],[234.80805969 -48.87026215],[205.58740234 -48.87007523],[176.08042908 -48.86996078],1.9687528619046224e-09
221,72.88304138188425,29.221176148058777,29.49328613303453,[309.68438721 -48.87034607],[236.80134583 -48.87026215],[207.58016968 -48.87007523],[178.08688354 -48.86996078],2.6342318653707875e-08
222,70.88987731938562,29.221572876574395,29.48069763205806,[309.68438721 -48.87034607],[238.79450989 -48.87026215],[209.57293701 -48.87007523],[180.09223938 -48.86996078],2.722795774371152e-08
223,68.89671325688705,29.221954346300947,29.4691619875269,[309.68438721 -48.87034607],[240.78767395 -48.87026215],[211.5657196  -48.87007523],[182.09655762 -48.86996078],6.913117232621836e-10
224,66.90354919438857,29.222351074816565,29.458465576394165,[309.68438721 -48.87034607],[242.78083801 -48.87026215],[213.55848694 -48.87007523],[184.10002136 -48.86996078],2.3323355465444543e-09
225,64.9103851318902,29.22273254454312,29.448623657448927,[309.68438721 -48.87034607],[244.77400208 -48.87026215],[215.55126953 -48.87007523],[186.10264587 -48.86996078],2.8890647039452e-09
226,62.91722106939191,29.22312927305874,29.439468384011498,[309.68438721 -48.87034607],[246.76716614 -48.87026215],[217.54403687 -48.87007523],[188.10456848 -48.86996078],3.3673142445168444e-09
227,60.9240570068886,29.223526001599,29.430923462136562,[309.68438721 -48.87034607],[248.7603302  -48.87026596],[219.5368042  -48.87007523],[190.10588074 -48.86996078],4.1593619267317746e-10
228,58.930892944390386,29.223907471325557,29.422943115456935,[309.68438721 -48.87034607],[250.75349426 -48.87026596],[221.52958679 -48.87007523],[192.10664368 -48.86996078],3.4749520312056714e-08
229,56.93791198736104,29.22412109437243,29.415466308816367,[309.68438721 -48.87034607],[252.74647522 -48.87026596],[223.52235413 -48.87007523],[194.10688782 -48.86996078],2.504828143650128e-09
230,54.9449462891209,29.224304199841175,29.408401489480482,[309.68438721 -48.87034607],[254.73944092 -48.87026596],[225.51513672 -48.87007523],[196.10673523 -48.86996078],6.002069686543321e-09
231,52.951965332091845,29.224517822888043,29.401718139871157,[309.68438721 -48.87034607],[256.73242188 -48.87026596],[227.50790405 -48.87007523],[198.10618591 -48.86996078],3.753620140226417e-10
232,50.96566772476484,29.218048096025857,29.3953704836519,[309.68438721 -48.87034607],[258.71871948 -48.87022018],[229.50067139 -48.87008286],[200.1053009  -48.86996078],1.943019318203649e-09
233,49.02514648455681,29.166900635054,29.38822937037071,[309.68438721 -48.87034607],[260.65924072 -48.87021255],[231.49234009 -48.87008286],[202.10411072 -48.86996078],3.4509379063298196e-08
234,47.162200927934315,29.044982910429052,29.3746490481052,[309.68438721 -48.87034607],[262.52218628 -48.87020874],[233.47720337 -48.87008286],[204.10255432 -48.86996078],3.3931482045764015e-08
235,45.388366699426506,28.85270690945431,29.34368896509766,[309.68438721 -48.87034607],[264.29602051 -48.87020874],[235.4433136  -48.87008286],[206.09962463 -48.86996078],0.0
236,43.707427978743524,28.59732055690116,29.28692626978565,[309.68438721 -48.87034607],[265.97695923 -48.87020493],[237.37963867 -48.87008286],[208.0927124  -48.86996078],1.199432275243539e-09
237,42.119720459220865,28.287078857685266,29.200073242442656,[309.68438721 -48.87034607],[267.56466675 -48.87020493],[239.27758789 -48.87008286],[210.07751465 -48.86996078],2.731125138691319e-09
238,40.62380981469832,27.932296753196425,29.07872009302966,[309.68438721 -48.87034607],[269.06057739 -48.87020493],[241.12828064 -48.87008286],[212.04956055 -48.86996078],2.6283758674419402e-09
239,39.21728515650399,27.543655395813182,28.91996765159362,[309.68438721 -48.87034607],[270.46710205 -48.87020493],[242.92344666 -48.87007523],[214.003479   -48.86996078],4.359012648869592e-09
240,37.897369384938415,27.13038635298988,28.723510742415478,[309.68438721 -48.87034607],[271.78701782 -48.87023163],[244.65663147 -48.87007523],[215.93312073 -48.86996078],1.038640778135298e-09
241,36.66113281264468,26.699310303261964,28.491821289292332,[309.68438721 -48.87034607],[273.02325439 -48.87024307],[246.32394409 -48.87007523],[217.8321228  -48.86996078],1.7674713927609455e-09
242,35.50561523451353,26.255599976147106,28.228683471911662,[309.68438721 -48.87034607],[274.17877197 -48.87024689],[247.923172   -48.87007523],[219.69448853 -48.86996078],2.7003003383985444e-08
243,34.427825927877244,25.803695679232305,27.938522339133865,[309.68438721 -48.87034607],[275.25656128 -48.87024689],[249.4528656  -48.87008286],[221.51434326 -48.86996078],2.6554777031864384e-08
244,33.42489624038153,25.347427368694817,27.6257171633904,[309.68438721 -48.87034607],[276.25949097 -48.87024689],[250.9120636  -48.87008286],[223.28634644 -48.86995316],5.414790445813106e-10
245,32.49404907249492,24.890350341965252,27.29450988828417,[309.68438721 -48.87034607],[277.19033813 -48.870224  ],[252.29998779 -48.87013245],[225.00547791 -48.86995316],4.613696509142492e-09
246,31.629791260133683,24.43856811531059,26.948684692979228,[309.68438721 -48.87034607],[278.05459595 -48.87019348],[253.61602783 -48.87013245],[226.66734314 -48.86995316],2.793583908250265e-09
247,30.825714111554955,23.9987335206973,26.59185791047255,[309.68438721 -48.87034607],[278.8586731  -48.87022781],[254.85993958 -48.87013245],[228.26808167 -48.87000275],3.4786805414643638e-09
248,30.080841064500532,23.5717773442945,26.22532653822022,[309.68438721 -48.87034607],[279.60354614 -48.87029266],[256.0317688  -48.87013245],[229.80644226 -48.87004852],7.170562072651846e-10
249,29.39367675781349,23.159179688556872,25.849899292055518,[309.68438721 -48.87034607],[280.29071045 -48.8703537 ],[257.13153076 -48.87013245],[231.28163147 -48.87007523],2.67892369337785e-08
250,28.79028320450891,22.734649663611773,25.467880249087717,[309.68438721 -48.87034607],[280.894104   -48.87062836],[258.15945435 -48.87013245],[232.6915741  -48.87007523],2.467117661829789e-09
251,28.428070069799052,22.13665772048429,25.0837249756512,[309.68438721 -48.87034607],[281.25631714 -48.87063217],[259.11965942 -48.87013245],[234.03593445 -48.87007523],6.069337734326057e-09
